Workbook

Sheet README
B2: README sheet
B5: General information
B7: Main paper title | C7: Residual biomass to bio-based chemicals and plastics: ex-ante screening methodology for prioritizing high-impact substitutions
B8: Authors | C8: Nicolas LIENART, Thibaut LECOMPTE, Lorie HAMELIN
B9: Contact (Nicolas Lienart) | C9: nicolas.lienart@insa-toulouse.fr
B10: Contact (Thibaut Lecompte) | C10: thibaut.lecompte@univ-ubs.fr
B11: Contact (Lorie Hamelin) | C11: lorie.hamelin@insa-toulouse.fr
B12: Description | C12: This file is used to compute the estimation of France sectors GHG footprint with respect to what is imported and locally produced based on Exiobase data and the code available in the git repository. Sectors (or products in Exiobase terms) are not cumulative as they depend on each other.
B13: Note | C13: This file is part of a set of supplementary materials. Please refer to the main manuscript and the accompanying document to find other materials and for a description of their usage.
B14: Git repository (Forge INRAE) | C14: https://forge.inrae.fr/nicolas.lienart/screen-lca-paper-supplementary-code
B15: Git repository (GitHub) | C15: https://github.com/nicolnt/screen-lca-paper-supplementary-code
B18: Updates
B20: Date | C20: Note
B21: 46146 | C21: Ready for submission
B22: 46240 | C22: Updated sheet names for consistency with the Python notebook. Clarified each sheet and table content. Corrected small typos
B25: Sheet structure
B27: Sheet name | C27: Description
B28: README | C28: This sheet. Contains meta information about this Excel file and its structure.
B29: 1.1 Y_FR_imports | C29: ='1.1 Y_FR_imports'!$B$1 -> Imported data from the Prodcom Python notebook: Imported final demand footprint in France per product
B30: 1.2 Z_FR_imports | C30: ='1.2 Z_FR_imports'!$B$1 -> Imported data from the Prodcom Python notebook: Imported intermediate demand footprint in France per product
B31: 2.1 Y_FR_production | C31: ='2.1 Y_FR_production'!$B$1 -> Imported data from the Prodcom Python notebook: Production footprint in France per product, for final demand (France and exports)
B32: 2.2 Z_FR_production | C32: ='2.2 Z_FR_production'!$B$1 -> Imported data from the Prodcom Python notebook: Production footprint in France per product, for intermediate demand (France and exports)
B33: Summary | C33: =Summary!$B$1 -> Combines and summarizes the data of tge four sheets listed above.
B36: Cell color nomenclature
B38: Style name | C38: Description | D38: Color | E38: Example 1 | F38: Example 2 | G38: Example 3
B39: Formula | C39: Cell performing calculations using other cells | D39: blue | E39: 15 | F39: 0.041154 | G39: 5.5855e-05
B40: Data Linked Cell | C40: Cell refering to another, without transformation | D40: brown, italics | E40: 15 | F40: 0.041154 | G40: 5.5855e-05

Sheet 1.1 Y_FR_imports
A1: Sheet description: | B1: Imported data from the Prodcom Python notebook: Imported final demand footprint in France per product
A2: Indicator | B2: GHG emissions AR6 (GWP100) - see EXIOBASE calculation notebook in the SI. The link is in the README sheet.
A4: sector | B4: value (kg CO2 eq.)
A5: Additives/Blending Components | B5: 0.00044154801
A6: Air transport services (62) | B6: 1.8114085e+10
A7: Aluminium and aluminium products | B7: 18770429
A8: Aluminium ores and concentrates | B8: 69265.907
A9: Animal products nec | B9: 2.4945769e+08
A10: Anthracite | B10: 5613.6234
A11: Ash for treatment, Re-processing of ash into clinker | B11: 0
A12: Aviation Gasoline | B12: 0.00070866341
A13: BKB/Peat Briquettes | B13: 0.0015820359
A14: Basic iron and steel and of ferro-alloys and first products thereof | B14: 84380142
A15: Beverages | B15: 1.2367124e+09
A16: Biodiesels | B16: 2682387.8
... A204: products of Vegetable oils and fats | B204: 2.0618934e+08

Sheet 1.2 Z_FR_imports
A1: Sheet description: | B1: Imported data from the Prodcom Python notebook: Imported intermediate demand footprint in France per product
A2: Indicator | B2: GHG emissions AR6 (GWP100) - see EXIOBASE calculation notebook in the SI. The link is in the README sheet.
A4: sector | B4: value (kg CO2 eq.)
A5: Additives/Blending Components | B5: 1.2590823e+08
A6: Air transport services (62) | B6: 2.8325771e+09
A7: Aluminium and aluminium products | B7: 5.3565066e+09
A8: Aluminium ores and concentrates | B8: 73568379
A9: Animal products nec | B9: 12891759
A10: Anthracite | B10: 36062185
A11: Ash for treatment, Re-processing of ash into clinker | B11: 0
A12: Aviation Gasoline | B12: 804423.62
A13: BKB/Peat Briquettes | B13: 39832048
A14: Basic iron and steel and of ferro-alloys and first products thereof | B14: 1.0315242e+10
A15: Beverages | B15: 6.3824028e+08
A16: Biodiesels | B16: 96334961
... A204: products of Vegetable oils and fats | B204: 6.4411129e+08

Sheet 2.1 Y_FR_production
A1: Sheet description: | B1: Imported data from the Prodcom Python notebook: Production footprint in France per product, for final demand (France and exports)
A2: Indicator | B2: GHG emissions AR6 (GWP100) - see EXIOBASE calculation notebook in the SI. The link is in the README sheet.
A4: sector | B4: value (kg CO2 eq.)
A5: Additives/Blending Components | B5: 393155.26
A6: Air transport services (62) | B6: 1.5049661e+10
A7: Aluminium and aluminium products | B7: 80326582
A8: Aluminium ores and concentrates | B8: 51529.207
A9: Animal products nec | B9: 1.594196e+09
A10: Anthracite | B10: 0
A11: Ash for treatment, Re-processing of ash into clinker | B11: 0
A12: Aviation Gasoline | B12: 20167.618
A13: BKB/Peat Briquettes | B13: 0
A14: Basic iron and steel and of ferro-alloys and first products thereof | B14: 3.470568e+08
A15: Beverages | B15: 6.2305994e+09
A16: Biodiesels | B16: 55085073
... A204: products of Vegetable oils and fats | B204: 12136452

Sheet 2.2 Z_FR_production
A1: Sheet description: | B1: Imported data from the Prodcom Python notebook: Production footprint in France per product, for intermediate demand (France and exports)
A2: Indicator | B2: GHG emissions AR6 (GWP100) - see EXIOBASE calculation notebook in the SI. The link is in the README sheet.
A4: sector | B4: value (kg CO2 eq.)
A5: Additives/Blending Components | B5: 1.3718272e+08
A6: Air transport services (62) | B6: 1.2341005e+10
A7: Aluminium and aluminium products | B7: 2.2317435e+09
A8: Aluminium ores and concentrates | B8: 17299667
A9: Animal products nec | B9: 5.969149e+08
A10: Anthracite | B10: 0
A11: Ash for treatment, Re-processing of ash into clinker | B11: 0
A12: Aviation Gasoline | B12: 2210175.1
A13: BKB/Peat Briquettes | B13: 0
A14: Basic iron and steel and of ferro-alloys and first products thereof | B14: 1.6919671e+10
A15: Beverages | B15: 5.1900861e+09
A16: Biodiesels | B16: 9.9970586e+08
... A204: products of Vegetable oils and fats | B204: 80242809

Sheet Summary
A1: Sheet description: | B1: Combines and summarizes the data of tge four sheets listed above.
A2: Indicator | B2: GHG emissions AR6 (GWP100) - see EXIOBASE calculation notebook in the SI. The link is in the README sheet.
A3: Product | B3: Total (kg CO2 eq.) | C3: 1.1 Y_FR_imports | D3: 1.2 Z_FR_imports | E3: 2.1 Y_FR_production | F3: 2.2 Z_FR_production | G3: Imports | H3: Production
A4: Construction work (45) | B4: =SUM(C4:F4) -> 6.6780093e+10 | C4: =VLOOKUP(A4, _20260806___output_exiobase_vpxp2019_Y_FR_imports_footprint[], 2, FALSE) -> 1.1063618e+09 | D4: =VLOOKUP(A4, _20260806___output_exiobase_vpxp2019_Z_FR_imports_footprint[], 2, FALSE) -> 1.9665807e+09 | E4: =VLOOKUP(A4, _20260806___output_exiobase_vpxp2019_Y_FR_production_footprint[], 2, FALSE) -> 4.8600658e+10 | F4: =VLOOKUP(A4, _20260806___output_exiobase_vpxp2019_Z_FR_production_footprint[], 2, FALSE) -> 1.5106492e+10 | G4: =(C4+D4)/B4 -> 0.046015846 | H4: =(E4+F4)/B4 -> 0.95398415
A5: Sea and coastal water transportation services | B5: =SUM(C5:F5) -> 6.2839981e+10 | C5: =VLOOKUP(A5, _20260806___output_exiobase_vpxp2019_Y_FR_imports_footprint[], 2, FALSE) -> 1.8683426e+10 | D5: =VLOOKUP(A5, _20260806___output_exiobase_vpxp2019_Z_FR_imports_footprint[], 2, FALSE) -> 1.752013e+10 | E5: =VLOOKUP(A5, _20260806___output_exiobase_vpxp2019_Y_FR_production_footprint[], 2, FALSE) -> 1.0385826e+10 | F5: =VLOOKUP(A5, _20260806___output_exiobase_vpxp2019_Z_FR_production_footprint[], 2, FALSE) -> 1.6250598e+10 | G5: =(C5+D5)/B5 -> 0.57612298 | H5: =(E5+F5)/B5 -> 0.42387702
A6: Other business services (74) | B6: =SUM(C6:F6) -> 4.8547299e+10 | C6: =VLOOKUP(A6, _20260806___output_exiobase_vpxp2019_Y_FR_imports_footprint[], 2, FALSE) -> 1.4442953e+09 | D6: =VLOOKUP(A6, _20260806___output_exiobase_vpxp2019_Z_FR_imports_footprint[], 2, FALSE) -> 3.6407329e+09 | E6: =VLOOKUP(A6, _20260806___output_exiobase_vpxp2019_Y_FR_production_footprint[], 2, FALSE) -> 6.7414334e+09 | F6: =VLOOKUP(A6, _20260806___output_exiobase_vpxp2019_Z_FR_production_footprint[], 2, FALSE) -> 3.6720837e+10 | G6: =(C6+D6)/B6 -> 0.10474379 | H6: =(E6+F6)/B6 -> 0.89525621
A7: Air transport services (62) | B7: =SUM(C7:F7) -> 4.8337329e+10 | C7: =VLOOKUP(A7, _20260806___output_exiobase_vpxp2019_Y_FR_imports_footprint[], 2, FALSE) -> 1.8114085e+10 | D7: =VLOOKUP(A7, _20260806___output_exiobase_vpxp2019_Z_FR_imports_footprint[], 2, FALSE) -> 2.8325771e+09 | E7: =VLOOKUP(A7, _20260806___output_exiobase_vpxp2019_Y_FR_production_footprint[], 2, FALSE) -> 1.5049661e+10 | F7: =VLOOKUP(A7, _20260806___output_exiobase_vpxp2019_Z_FR_production_footprint[], 2, FALSE) -> 1.2341005e+10 | G7: =(C7+D7)/B7 -> 0.4333434 | H7: =(E7+F7)/B7 -> 0.5666566
A8: Food products nec | B8: =SUM(C8:F8) -> 4.175999e+10 | C8: =VLOOKUP(A8, _20260806___output_exiobase_vpxp2019_Y_FR_imports_footprint[], 2, FALSE) -> 1.0677623e+10 | D8: =VLOOKUP(A8, _20260806___output_exiobase_vpxp2019_Z_FR_imports_footprint[], 2, FALSE) -> 1.6455293e+09 | E8: =VLOOKUP(A8, _20260806___output_exiobase_vpxp2019_Y_FR_production_footprint[], 2, FALSE) -> 2.0932094e+10 | F8: =VLOOKUP(A8, _20260806___output_exiobase_vpxp2019_Z_FR_production_footprint[], 2, FALSE) -> 8.5047445e+09 | G8: =(C8+D8)/B8 -> 0.29509471 | H8: =(E8+F8)/B8 -> 0.70490529
A9: Dairy products | B9: =SUM(C9:F9) -> 3.6996934e+10 | C9: =VLOOKUP(A9, _20260806___output_exiobase_vpxp2019_Y_FR_imports_footprint[], 2, FALSE) -> 4.0624471e+09 | D9: =VLOOKUP(A9, _20260806___output_exiobase_vpxp2019_Z_FR_imports_footprint[], 2, FALSE) -> 1.4172251e+09 | E9: =VLOOKUP(A9, _20260806___output_exiobase_vpxp2019_Y_FR_production_footprint[], 2, FALSE) -> 1.2619551e+10 | F9: =VLOOKUP(A9, _20260806___output_exiobase_vpxp2019_Z_FR_production_footprint[], 2, FALSE) -> 1.8897711e+10 | G9: =(C9+D9)/B9 -> 0.14811152 | H9: =(E9+F9)/B9 -> 0.85188848
A10: Hotel and restaurant services (55) | B10: =SUM(C10:F10) -> 3.5397495e+10 | C10: =VLOOKUP(A10, _20260806___output_exiobase_vpxp2019_Y_FR_imports_footprint[], 2, FALSE) -> 1.9695625e+09 | D10: =VLOOKUP(A10, _20260806___output_exiobase_vpxp2019_Z_FR_imports_footprint[], 2, FALSE) -> 8.7079223e+09 | E10: =VLOOKUP(A10, _20260806___output_exiobase_vpxp2019_Y_FR_production_footprint[], 2, FALSE) -> 1.4622596e+10 | F10: =VLOOKUP(A10, _20260806___output_exiobase_vpxp2019_Z_FR_production_footprint[], 2, FALSE) -> 1.0097414e+10 | G10: =(C10+D10)/B10 -> 0.30164521 | H10: =(E10+F10)/B10 -> 0.69835479
A11: Motor vehicles, trailers and semi-trailers (34) | B11: =SUM(C11:F11) -> 3.5077183e+10 | C11: =VLOOKUP(A11, _20260806___output_exiobase_vpxp2019_Y_FR_imports_footprint[], 2, FALSE) -> 1.7010149e+10 | D11: =VLOOKUP(A11, _20260806___output_exiobase_vpxp2019_Z_FR_imports_footprint[], 2, FALSE) -> 3.1985224e+09 | E11: =VLOOKUP(A11, _20260806___output_exiobase_vpxp2019_Y_FR_production_footprint[], 2, FALSE) -> 8.8667157e+09 | F11: =VLOOKUP(A11, _20260806___output_exiobase_vpxp2019_Z_FR_production_footprint[], 2, FALSE) -> 6.0017955e+09 | G11: =(C11+D11)/B11 -> 0.57612014 | H11: =(E11+F11)/B11 -> 0.42387986
A12: Plastics, basic | B12: =SUM(C12:F12) -> 3.2327027e+10 | C12: =VLOOKUP(A12, _20260806___output_exiobase_vpxp2019_Y_FR_imports_footprint[], 2, FALSE) -> 92174562 | D12: =VLOOKUP(A12, _20260806___output_exiobase_vpxp2019_Z_FR_imports_footprint[], 2, FALSE) -> 5.0322049e+09 | E12: =VLOOKUP(A12, _20260806___output_exiobase_vpxp2019_Y_FR_production_footprint[], 2, FALSE) -> 3.4041173e+09 | F12: =VLOOKUP(A12, _20260806___output_exiobase_vpxp2019_Z_FR_production_footprint[], 2, FALSE) -> 2.379853e+10 | G12: =(C12+D12)/B12 -> 0.15851688 | H12: =(E12+F12)/B12 -> 0.84148312
A13: Cattle | B13: =SUM(C13:F13) -> 3.1611215e+10 | C13: =VLOOKUP(A13, _20260806___output_exiobase_vpxp2019_Y_FR_imports_footprint[], 2, FALSE) -> 0.0043101972 | D13: =VLOOKUP(A13, _20260806___output_exiobase_vpxp2019_Z_FR_imports_footprint[], 2, FALSE) -> 5.4241266e+08 | E13: =VLOOKUP(A13, _20260806___output_exiobase_vpxp2019_Y_FR_production_footprint[], 2, FALSE) -> 4.3742249e+09 | F13: =VLOOKUP(A13, _20260806___output_exiobase_vpxp2019_Z_FR_production_footprint[], 2, FALSE) -> 2.6694578e+10 | G13: =(C13+D13)/B13 -> 0.017158868 | H13: =(E13+F13)/B13 -> 0.98284113
A14: Raw milk | B14: =SUM(C14:F14) -> 2.7976345e+10 | C14: =VLOOKUP(A14, _20260806___output_exiobase_vpxp2019_Y_FR_imports_footprint[], 2, FALSE) -> 0 | D14: =VLOOKUP(A14, _20260806___output_exiobase_vpxp2019_Z_FR_imports_footprint[], 2, FALSE) -> 0 | E14: =VLOOKUP(A14, _20260806___output_exiobase_vpxp2019_Y_FR_production_footprint[], 2, FALSE) -> 78122174 | F14: =VLOOKUP(A14, _20260806___output_exiobase_vpxp2019_Z_FR_production_footprint[], 2, FALSE) -> 2.7898223e+10 | G14: =(C14+D14)/B14 -> 0 | H14: =(E14+F14)/B14 -> 1
A15: Basic iron and steel and of ferro-alloys and first products thereof | B15: =SUM(C15:F15) -> 2.766635e+10 | C15: =VLOOKUP(A15, _20260806___output_exiobase_vpxp2019_Y_FR_imports_footprint[], 2, FALSE) -> 84380142 | D15: =VLOOKUP(A15, _20260806___output_exiobase_vpxp2019_Z_FR_imports_footprint[], 2, FALSE) -> 1.0315242e+10 | E15: =VLOOKUP(A15, _20260806___output_exiobase_vpxp2019_Y_FR_production_footprint[], 2, FALSE) -> 3.470568e+08 | F15: =VLOOKUP(A15, _20260806___output_exiobase_vpxp2019_Z_FR_production_footprint[], 2, FALSE) -> 1.6919671e+10 | G15: =(C15+D15)/B15 -> 0.37589426 | H15: =(E15+F15)/B15 -> 0.62410574
... A180: Copper ores and concentrates | B180: =SUM(C180:F180) -> 791.73058 | C180: =VLOOKUP(A180, _20260806___output_exiobase_vpxp2019_Y_FR_imports_footprint[], 2, FALSE) -> 0.063502414 | D180: =VLOOKUP(A180, _20260806___output_exiobase_vpxp2019_Z_FR_imports_footprint[], 2, FALSE) -> 791.66708 | E180: =VLOOKUP(A180, _20260806___output_exiobase_vpxp2019_Y_FR_production_footprint[], 2, FALSE) -> 0 | F180: =VLOOKUP(A180, _20260806___output_exiobase_vpxp2019_Z_FR_production_footprint[], 2, FALSE) -> 0 | G180: =(C180+D180)/B180 -> 1 | H180: =(E180+F180)/B180 -> 0
A181: Coke oven gas | B181: =SUM(C181:F181) -> 0 | C181: =VLOOKUP(A181, _20260806___output_exiobase_vpxp2019_Y_FR_imports_footprint[], 2, FALSE) -> 0 | D181: =VLOOKUP(A181, _20260806___output_exiobase_vpxp2019_Z_FR_imports_footprint[], 2, FALSE) -> 0 | E181: =VLOOKUP(A181, _20260806___output_exiobase_vpxp2019_Y_FR_production_footprint[], 2, FALSE) -> 0 | F181: =VLOOKUP(A181, _20260806___output_exiobase_vpxp2019_Z_FR_production_footprint[], 2, FALSE) -> 0
A182: Gas Works Gas | B182: =SUM(C182:F182) -> 0 | C182: =VLOOKUP(A182, _20260806___output_exiobase_vpxp2019_Y_FR_imports_footprint[], 2, FALSE) -> 0 | D182: =VLOOKUP(A182, _20260806___output_exiobase_vpxp2019_Z_FR_imports_footprint[], 2, FALSE) -> 0 | E182: =VLOOKUP(A182, _20260806___output_exiobase_vpxp2019_Y_FR_production_footprint[], 2, FALSE) -> 0 | F182: =VLOOKUP(A182, _20260806___output_exiobase_vpxp2019_Z_FR_production_footprint[], 2, FALSE) -> 0
A183: Nickel ores and concentrates | B183: =SUM(C183:F183) -> 0 | C183: =VLOOKUP(A183, _20260806___output_exiobase_vpxp2019_Y_FR_imports_footprint[], 2, FALSE) -> 0 | D183: =VLOOKUP(A183, _20260806___output_exiobase_vpxp2019_Z_FR_imports_footprint[], 2, FALSE) -> 0 | E183: =VLOOKUP(A183, _20260806___output_exiobase_vpxp2019_Y_FR_production_footprint[], 2, FALSE) -> 0 | F183: =VLOOKUP(A183, _20260806___output_exiobase_vpxp2019_Z_FR_production_footprint[], 2, FALSE) -> 0
A184: Oxygen Steel Furnace Gas | B184: =SUM(C184:F184) -> 0 | C184: =VLOOKUP(A184, _20260806___output_exiobase_vpxp2019_Y_FR_imports_footprint[], 2, FALSE) -> 0 | D184: =VLOOKUP(A184, _20260806___output_exiobase_vpxp2019_Z_FR_imports_footprint[], 2, FALSE) -> 0 | E184: =VLOOKUP(A184, _20260806___output_exiobase_vpxp2019_Y_FR_production_footprint[], 2, FALSE) -> 0 | F184: =VLOOKUP(A184, _20260806___output_exiobase_vpxp2019_Z_FR_production_footprint[], 2, FALSE) -> 0
A185: Secondary raw materials | B185: =SUM(C185:F185) -> 0 | C185: =VLOOKUP(A185, _20260806___output_exiobase_vpxp2019_Y_FR_imports_footprint[], 2, FALSE) -> 0 | D185: =VLOOKUP(A185, _20260806___output_exiobase_vpxp2019_Z_FR_imports_footprint[], 2, FALSE) -> 0 | E185: =VLOOKUP(A185, _20260806___output_exiobase_vpxp2019_Y_FR_production_footprint[], 2, FALSE) -> 0 | F185: =VLOOKUP(A185, _20260806___output_exiobase_vpxp2019_Z_FR_production_footprint[], 2, FALSE) -> 0
A186: Gasoline Type Jet Fuel | B186: =SUM(C186:F186) -> 0 | C186: =VLOOKUP(A186, _20260806___output_exiobase_vpxp2019_Y_FR_imports_footprint[], 2, FALSE) -> 0 | D186: =VLOOKUP(A186, _20260806___output_exiobase_vpxp2019_Z_FR_imports_footprint[], 2, FALSE) -> 0 | E186: =VLOOKUP(A186, _20260806___output_exiobase_vpxp2019_Y_FR_production_footprint[], 2, FALSE) -> 0 | F186: =VLOOKUP(A186, _20260806___output_exiobase_vpxp2019_Z_FR_production_footprint[], 2, FALSE) -> 0
A187: Gas Coke | B187: =SUM(C187:F187) -> 0 | C187: =VLOOKUP(A187, _20260806___output_exiobase_vpxp2019_Y_FR_imports_footprint[], 2, FALSE) -> 0 | D187: =VLOOKUP(A187, _20260806___output_exiobase_vpxp2019_Z_FR_imports_footprint[], 2, FALSE) -> 0 | E187: =VLOOKUP(A187, _20260806___output_exiobase_vpxp2019_Y_FR_production_footprint[], 2, FALSE) -> 0 | F187: =VLOOKUP(A187, _20260806___output_exiobase_vpxp2019_Z_FR_production_footprint[], 2, FALSE) -> 0
A188: Manure (conventional treatment) | B188: =SUM(C188:F188) -> 0 | C188: =VLOOKUP(A188, _20260806___output_exiobase_vpxp2019_Y_FR_imports_footprint[], 2, FALSE) -> 0 | D188: =VLOOKUP(A188, _20260806___output_exiobase_vpxp2019_Z_FR_imports_footprint[], 2, FALSE) -> 0 | E188: =VLOOKUP(A188, _20260806___output_exiobase_vpxp2019_Y_FR_production_footprint[], 2, FALSE) -> 0 | F188: =VLOOKUP(A188, _20260806___output_exiobase_vpxp2019_Z_FR_production_footprint[], 2, FALSE) -> 0
A189: Manure (biogas treatment) | B189: =SUM(C189:F189) -> 0 | C189: =VLOOKUP(A189, _20260806___output_exiobase_vpxp2019_Y_FR_imports_footprint[], 2, FALSE) -> 0 | D189: =VLOOKUP(A189, _20260806___output_exiobase_vpxp2019_Z_FR_imports_footprint[], 2, FALSE) -> 0 | E189: =VLOOKUP(A189, _20260806___output_exiobase_vpxp2019_Y_FR_production_footprint[], 2, FALSE) -> 0 | F189: =VLOOKUP(A189, _20260806___output_exiobase_vpxp2019_Z_FR_production_footprint[], 2, FALSE) -> 0
A190: Wood material for treatment, Re-processing of secondary wood material into new wood material | B190: =SUM(C190:F190) -> 0 | C190: =VLOOKUP(A190, _20260806___output_exiobase_vpxp2019_Y_FR_imports_footprint[], 2, FALSE) -> 0 | D190: =VLOOKUP(A190, _20260806___output_exiobase_vpxp2019_Z_FR_imports_footprint[], 2, FALSE) -> 0 | E190: =VLOOKUP(A190, _20260806___output_exiobase_vpxp2019_Y_FR_production_footprint[], 2, FALSE) -> 0 | F190: =VLOOKUP(A190, _20260806___output_exiobase_vpxp2019_Z_FR_production_footprint[], 2, FALSE) -> 0
A191: Secondary paper for treatment, Re-processing of secondary paper into new pulp | B191: =SUM(C191:F191) -> 0 | C191: =VLOOKUP(A191, _20260806___output_exiobase_vpxp2019_Y_FR_imports_footprint[], 2, FALSE) -> 0 | D191: =VLOOKUP(A191, _20260806___output_exiobase_vpxp2019_Z_FR_imports_footprint[], 2, FALSE) -> 0 | E191: =VLOOKUP(A191, _20260806___output_exiobase_vpxp2019_Y_FR_production_footprint[], 2, FALSE) -> 0 | F191: =VLOOKUP(A191, _20260806___output_exiobase_vpxp2019_Z_FR_production_footprint[], 2, FALSE) -> 0
A192: Secondary plastic for treatment, Re-processing of secondary plastic into new plastic | B192: =SUM(C192:F192) -> 0 | C192: =VLOOKUP(A192, _20260806___output_exiobase_vpxp2019_Y_FR_imports_footprint[], 2, FALSE) -> 0 | D192: =VLOOKUP(A192, _20260806___output_exiobase_vpxp2019_Z_FR_imports_footprint[], 2, FALSE) -> 0 | E192: =VLOOKUP(A192, _20260806___output_exiobase_vpxp2019_Y_FR_production_footprint[], 2, FALSE) -> 0 | F192: =VLOOKUP(A192, _20260806___output_exiobase_vpxp2019_Z_FR_production_footprint[], 2, FALSE) -> 0
... A203: Extra-territorial organizations and bodies | B203: =SUM(C203:F203) -> 0 | C203: =VLOOKUP(A203, _20260806___output_exiobase_vpxp2019_Y_FR_imports_footprint[], 2, FALSE) -> 0 | D203: =VLOOKUP(A203, _20260806___output_exiobase_vpxp2019_Z_FR_imports_footprint[], 2, FALSE) -> 0 | E203: =VLOOKUP(A203, _20260806___output_exiobase_vpxp2019_Y_FR_production_footprint[], 2, FALSE) -> 0 | F203: =VLOOKUP(A203, _20260806___output_exiobase_vpxp2019_Z_FR_production_footprint[], 2, FALSE) -> 0
