Workbook

Sheet README
B2: README sheet
B5: General information
B7: Main paper title | C7: Residual biomass to bio-based chemicals and plastics: ex-ante screening methodology for prioritizing high-impact substitutions
B8: Authors | C8: Nicolas LIENART, Thibaut LECOMPTE, Lorie HAMELIN
B9: Contact (Nicolas Lienart) | C9: nicolas.lienart@insa-toulouse.fr
B10: Contact (Thibaut Lecompte) | C10: thibaut.lecompte@univ-ubs.fr
B11: Contact (Lorie Hamelin) | C11: lorie.hamelin@insa-toulouse.fr
B12: Description | C12: This file is used to perform screening on the top most produced and imported products obtained from PRODCOM data processing using the related Python notebook: "Python_notebooks/Extract PRODCOM data.ipynb". LCI datasets are associated to the selected hotspots. The final output is a CSV file that can be processed by the environmental hotspot calculation Python notebook: "Python_notebooks/Calculate hotspot products footprints and contributions.ipynb". Local production, imports and exports quantities in physical unit (i.e., kilogram mostly) of basic organic chemicals and plastics in France and in the EU27 for the years 2019 and 2022. Filtering of the top products to remove inorganics. Disaggregating of some products into their major components: polyamides (PA-6 and PA-6,6) and isocyanates (MDI and TDI). Match top products (N=57, including disaggregated products) to representative Ecoinvent activity, HS22 code and carbon content. Estimated Ecoinvent geography representativity of the top products for the EU27. Estimated generic end-of-life fate shares of the top products.
B13: Note | C13: This file is part of a set of supplementary materials. Please refer to the main manuscript and the accompanying document to find other materials and for a description of their usage.
B14: Git repository (Forge INRAE) | C14: https://forge.inrae.fr/nicolas.lienart/screen-lca-paper-supplementary-code
B15: Git repository (GitHub) | C15: https://github.com/nicolnt/screen-lca-paper-supplementary-code
B18: Updates
B20: Date | C20: Note
B21: 46146 | C21: Ready for submission
B22: 46242 | C22: Rethought the structure of the input data and added several series to compare across regions (EU27 and FR) and years (2019, 2022). Still need to bring missing sheets from the previous version of this Excel file (i.e., Calculations, Hotspots, Export)
B23: 46245 | C23: Updated the structure. Added HS22 codes. Added multiple Ecoinvent versions and regions and filled in the values obtained via BACI
B24: 46247 | C24: Improved some descriptions. Renamed some column titles and sheet name in export sheet.
B25: 46248 | C25: Update Hotspot product export sheet description
B26: 46251 | C26: Add sensitivity analysis
B27: 46253 | C27: Rename Calculations sheet and add End-of-life fates sheet
B28: 46255 | C28: Cleanings
B29: 46257 | C29: Update descriptions
B32: Sheet structure
B34: Sheet name | C34: Description
B35: README | C35: This sheet. Contains meta information about this Excel file and its structure.
B36: Filtered PRODCOM data | C36: ='Filtered PRODCOM data'!$B$1 -> PRODCOM data: local production, import, export. Regions: France (FR) and the EU (EU27_2020). Years: 2019 and 2022. Further filtering of out of scope products.
B37: Correlation EU27 2019-2022 | C37: ='Correlation EU27 2019-2022'!$B$1 -> Correlation coefficient of the PRODCOM products' mass to total mass.
B38: Split Polyamides & Isocyanates | C38: ='Split Polyamides & Isocyanates'!$B$1 -> Data and necessary calculation to split polyamides and isocyanates PRODCOM products into separate products for matching with Ecoinvent datasets.
B39: End-of-life fates | C39: ='End-of-life fates'!$B$1 -> End-of-life fate shares of plastic waste.
B40: Hotspot products export | C40: ='Hotspot products export'!$B$1 -> Extraction of the top PRODCOM products (available quantity), with disaggregation of polyamides and isocyanates. Additional data for footprint calculation. For export to CSV.
B41: Sensitivity analysis | C41: ='Sensitivity analysis'!$B$1 -> Available quantity correlation between 2019 and 2022 series, for sensitivity analysis.
B42: References | C42: =References!$B$1 -> Bibliography: list of references used thoughout the workbook
B45: Cell color nomenclature
B47: Style name | C47: Description | D47: Color | E47: Example 1 | F47: Example 2 | G47: Example 3
B48: Data Assumption | C48: Assumed data (no specific reference) | D48: pink background | E48: 15 | F48: 0.041154 | G48: 5.5855e-05
B49: Data Reference | C49: Data with reference (input) | D49: grey background | E49: 15 | F49: 0.041154 | G49: 5.5855e-05
B50: Formula | C50: Cell performing calculations using other cells | D50: blue | E50: 15 | F50: 0.041154 | G50: 5.5855e-05
B51: Data Linked Cell | C51: Cell refering to another, without transformation | D51: brown, italics | E51: 15 | F51: 0.041154 | G51: 5.5855e-05
B52: Text Reference | C52: Reference text | D52: small, grey, italic | E52: Bohers, 2024 - Com. Pers. | F52: (Muñoz and Weidema, 2024, p. 4) | G52: [2]
B53: Text Unit | C53: Unit | D53: small, centered | E53: kt.km | F53: MJ LHV/kg DM | G53: °C

Sheet Filtered PRODCOM data
A1: Sheet description: | B1: PRODCOM data: local production, import, export. Regions: France (FR) and the EU (EU27_2020). Years: 2019 and 2022. Further filtering of out of scope products.
A2: Note: | B2: PRODCOM data obtained from "Python_notebooks/Extract PRODCOM data.ipynb". The "In scope" column is filtered to only show rows with no identified issues. The identification process was performed iteratively and manually over the top products in terms of availability (i.e., local production + imports in the EU27). Therefore, only the top 50 products (after filtering) should be considered analyzed by the authors.
A4: freq | B4: product | C4: product label | D4: PRODQNT - EU27_2020 - 2019 - amount | E4: PRODQNT - EU27_2020 - 2019 - unit | F4: EXPQNT - EU27_2020 - 2019 - amount | G4: EXPQNT - EU27_2020 - 2019 - unit | H4: IMPQNT - EU27_2020 - 2019 - amount | I4: IMPQNT - EU27_2020 - 2019 - unit | J4: PRODQNT - EU27_2020 - 2022 - amount | K4: PRODQNT - EU27_2020 - 2022 - unit | L4: EXPQNT - EU27_2020 - 2022 - amount | M4: EXPQNT - EU27_2020 - 2022 - unit | N4: IMPQNT - EU27_2020 - 2022 - amount | O4: IMPQNT - EU27_2020 - 2022 - unit | P4: PRODQNT - FR - 2019 - amount | Q4: PRODQNT - FR - 2019 - unit | R4: EXPQNT - FR - 2019 - amount | S4: EXPQNT - FR - 2019 - unit | T4: IMPQNT - FR - 2019 - amount | U4: IMPQNT - FR - 2019 - unit | V4: PRODQNT - FR - 2022 - amount | W4: PRODQNT - FR - 2022 - unit | X4: EXPQNT - FR - 2022 - amount | Y4: EXPQNT - FR - 2022 - unit | Z4: IMPQNT - FR - 2022 - amount | AA4: IMPQNT - FR - 2022 - unit | AB4: PRODQNT + IMPQNT - EU27 - 2019 | AC4: PRODQNT + IMPQNT - EU27 - 2019 - secrets | AD4: PRODQNT + IMPQNT - EU27 - 2022 | AE4: PRODQNT + IMPQNT - EU27 - 2022 - secrets | AF4: PRODQNT + IMPQNT - FR - 2019 | AG4: PRODQNT + IMPQNT - FR - 2019 - secrets | AH4: PRODQNT + IMPQNT - FR - 2022 | AI4: PRODQNT + IMPQNT - FR - 2022 - secrets | AJ4: Local production share of available quantity (PRODQNT + IMPQNT) - EU27 - 2022 | AK4: In scope
A5: A | B5: 20147390 | C5: Other oils and oil products, n.e.c. | D5: 2320000000 | E5: KG | F5: 11340024043 | G5: KG | H5: 7099883514 | I5: KG | J5: 4229969352 | K5: KG | L5: 17420292158 | M5: KG | N5: 8235095443 | O5: KG | P5: : | Q5: KG | R5: 843035400 | S5: KG | T5: 325014900 | U5: KG | V5: : | W5: KG | X5: 1488203802 | Y5: KG | Z5: 342542510 | AA5: KG | AB5: =_xlfn.LET(_xlpm.production_amount, VALUE(prodcom_data[[#This Row],[PRODQNT - EU27_2020 - 2019 - amount]]), IF(ISNUMBER(_xlpm.production_amount), _xlpm.production_amount, 0))+_xlfn.LET(_xlpm.import_amount, VALUE(prodcom_data[[#This Row],[IMPQNT - EU27_2020 - 2019 - amount]]), IF(ISNUMBER(_xlpm.import_amount), _xlpm.import_amount, 0)) -> 9419883514 | AC5: =IF(NOT(AND(ISNUMBER(VALUE(prodcom_data[[#This Row],[PRODQNT - EU27_2020 - 2019 - amount]])), ISNUMBER(VALUE(prodcom_data[[#This Row],[IMPQNT - EU27_2020 - 2019 - amount]])))), "secrets", "") | AD5: =_xlfn.LET(_xlpm.production_amount, VALUE(prodcom_data[[#This Row],[PRODQNT - EU27_2020 - 2022 - amount]]), IF(ISNUMBER(_xlpm.production_amount), _xlpm.production_amount, 0))+_xlfn.LET(_xlpm.import_amount, VALUE(prodcom_data[[#This Row],[IMPQNT - EU27_2020 - 2022 - amount]]), IF(ISNUMBER(_xlpm.import_amount), _xlpm.import_amount, 0)) -> 12465064795 | AE5: =IF(NOT(AND(ISNUMBER(VALUE(prodcom_data[[#This Row],[PRODQNT - EU27_2020 - 2022 - amount]])), ISNUMBER(VALUE(prodcom_data[[#This Row],[IMPQNT - EU27_2020 - 2022 - amount]])))), "secrets", "") | AF5: =_xlfn.LET(_xlpm.production_amount, VALUE(prodcom_data[[#This Row],[PRODQNT - FR - 2019 - amount]]), IF(ISNUMBER(_xlpm.production_amount), _xlpm.production_amount, 0))+_xlfn.LET(_xlpm.import_amount, VALUE(prodcom_data[[#This Row],[IMPQNT - FR - 2019 - amount]]), IF(ISNUMBER(_xlpm.import_amount), _xlpm.import_amount, 0)) -> 325014900 | AG5: =IF(NOT(AND(ISNUMBER(VALUE(prodcom_data[[#This Row],[PRODQNT - FR - 2019 - amount]])), ISNUMBER(VALUE(prodcom_data[[#This Row],[IMPQNT - FR - 2019 - amount]])))), "secrets", "") -> secrets | AH5: =_xlfn.LET(_xlpm.production_amount, VALUE(prodcom_data[[#This Row],[PRODQNT - FR - 2022 - amount]]), IF(ISNUMBER(_xlpm.production_amount), _xlpm.production_amount, 0))+_xlfn.LET(_xlpm.import_amount, VALUE(prodcom_data[[#This Row],[IMPQNT - FR - 2022 - amount]]), IF(ISNUMBER(_xlpm.import_amount), _xlpm.import_amount, 0)) -> 342542510 | AI5: =IF(NOT(AND(ISNUMBER(VALUE(prodcom_data[[#This Row],[PRODQNT - FR - 2022 - amount]])), ISNUMBER(VALUE(prodcom_data[[#This Row],[IMPQNT - FR - 2022 - amount]])))), "secrets", "") -> secrets | AJ5: =_xlfn.LET(_xlpm.production_amount, IF(ISNUMBER(VALUE(prodcom_data[[#This Row],[PRODQNT - EU27_2020 - 2022 - amount]])),VALUE(prodcom_data[[#This Row],[PRODQNT - EU27_2020 - 2022 - amount]]), 0), _xlpm.import_amount, IF(ISNUMBER(VALUE(prodcom_data[[#This Row],[IMPQNT - EU27_2020 - 2022 - amount]])), VALUE(prodcom_data[[#This Row],[IMPQNT - EU27_2020 - 2022 - amount]]), 0), _xlpm.production_amount/(_xlpm.production_amount+_xlpm.import_amount)) -> 0.33934596 | AK5: Too broad
A6: A | B6: 20165130 | C6: Polypropylene, in primary forms | D6: 9673911407 | E6: KG | F6: 1031526235 | G6: KG | H6: 1366859420 | I6: KG | J6: 9555914244 | K6: KG | L6: 840201926 | M6: KG | N6: 1503902249 | O6: KG | P6: 1328181138 | Q6: KG | R6: 528842900 | S6: KG | T6: 450055900 | U6: KG | V6: 1002690213 | W6: KG | X6: 453736761 | Y6: KG | Z6: 360204335 | AA6: KG | AB6: =_xlfn.LET(_xlpm.production_amount, VALUE(prodcom_data[[#This Row],[PRODQNT - EU27_2020 - 2019 - amount]]), IF(ISNUMBER(_xlpm.production_amount), _xlpm.production_amount, 0))+_xlfn.LET(_xlpm.import_amount, VALUE(prodcom_data[[#This Row],[IMPQNT - EU27_2020 - 2019 - amount]]), IF(ISNUMBER(_xlpm.import_amount), _xlpm.import_amount, 0)) -> 11040770827 | AC6: =IF(NOT(AND(ISNUMBER(VALUE(prodcom_data[[#This Row],[PRODQNT - EU27_2020 - 2019 - amount]])), ISNUMBER(VALUE(prodcom_data[[#This Row],[IMPQNT - EU27_2020 - 2019 - amount]])))), "secrets", "") | AD6: =_xlfn.LET(_xlpm.production_amount, VALUE(prodcom_data[[#This Row],[PRODQNT - EU27_2020 - 2022 - amount]]), IF(ISNUMBER(_xlpm.production_amount), _xlpm.production_amount, 0))+_xlfn.LET(_xlpm.import_amount, VALUE(prodcom_data[[#This Row],[IMPQNT - EU27_2020 - 2022 - amount]]), IF(ISNUMBER(_xlpm.import_amount), _xlpm.import_amount, 0)) -> 11059816493 | AE6: =IF(NOT(AND(ISNUMBER(VALUE(prodcom_data[[#This Row],[PRODQNT - EU27_2020 - 2022 - amount]])), ISNUMBER(VALUE(prodcom_data[[#This Row],[IMPQNT - EU27_2020 - 2022 - amount]])))), "secrets", "") | AF6: =_xlfn.LET(_xlpm.production_amount, VALUE(prodcom_data[[#This Row],[PRODQNT - FR - 2019 - amount]]), IF(ISNUMBER(_xlpm.production_amount), _xlpm.production_amount, 0))+_xlfn.LET(_xlpm.import_amount, VALUE(prodcom_data[[#This Row],[IMPQNT - FR - 2019 - amount]]), IF(ISNUMBER(_xlpm.import_amount), _xlpm.import_amount, 0)) -> 1778237038 | AG6: =IF(NOT(AND(ISNUMBER(VALUE(prodcom_data[[#This Row],[PRODQNT - FR - 2019 - amount]])), ISNUMBER(VALUE(prodcom_data[[#This Row],[IMPQNT - FR - 2019 - amount]])))), "secrets", "") | AH6: =_xlfn.LET(_xlpm.production_amount, VALUE(prodcom_data[[#This Row],[PRODQNT - FR - 2022 - amount]]), IF(ISNUMBER(_xlpm.production_amount), _xlpm.production_amount, 0))+_xlfn.LET(_xlpm.import_amount, VALUE(prodcom_data[[#This Row],[IMPQNT - FR - 2022 - amount]]), IF(ISNUMBER(_xlpm.import_amount), _xlpm.import_amount, 0)) -> 1362894548 | AI6: =IF(NOT(AND(ISNUMBER(VALUE(prodcom_data[[#This Row],[PRODQNT - FR - 2022 - amount]])), ISNUMBER(VALUE(prodcom_data[[#This Row],[IMPQNT - FR - 2022 - amount]])))), "secrets", "") | AJ6: =_xlfn.LET(_xlpm.production_amount, IF(ISNUMBER(VALUE(prodcom_data[[#This Row],[PRODQNT - EU27_2020 - 2022 - amount]])),VALUE(prodcom_data[[#This Row],[PRODQNT - EU27_2020 - 2022 - amount]]), 0), _xlpm.import_amount, IF(ISNUMBER(VALUE(prodcom_data[[#This Row],[IMPQNT - EU27_2020 - 2022 - amount]])), VALUE(prodcom_data[[#This Row],[IMPQNT - EU27_2020 - 2022 - amount]]), 0), _xlpm.production_amount/(_xlpm.production_amount+_xlpm.import_amount)) -> 0.86402105
A7: A | B7: 20141130 | C7: Ethylene | D7: 9817689027 | E7: KG | F7: 280758738 | G7: KG | H7: 1418579590 | I7: KG | J7: 9087159767 | K7: KG | L7: 130155532 | M7: KG | N7: 1250333999 | O7: KG | P7: 1454878883 | Q7: KG | R7: 198372600 | S7: KG | T7: 71123000 | U7: KG | V7: : | W7: KG | X7: 101283487 | Y7: KG | Z7: 171202101 | AA7: KG | AB7: =_xlfn.LET(_xlpm.production_amount, VALUE(prodcom_data[[#This Row],[PRODQNT - EU27_2020 - 2019 - amount]]), IF(ISNUMBER(_xlpm.production_amount), _xlpm.production_amount, 0))+_xlfn.LET(_xlpm.import_amount, VALUE(prodcom_data[[#This Row],[IMPQNT - EU27_2020 - 2019 - amount]]), IF(ISNUMBER(_xlpm.import_amount), _xlpm.import_amount, 0)) -> 11236268617 | AC7: =IF(NOT(AND(ISNUMBER(VALUE(prodcom_data[[#This Row],[PRODQNT - EU27_2020 - 2019 - amount]])), ISNUMBER(VALUE(prodcom_data[[#This Row],[IMPQNT - EU27_2020 - 2019 - amount]])))), "secrets", "") | AD7: =_xlfn.LET(_xlpm.production_amount, VALUE(prodcom_data[[#This Row],[PRODQNT - EU27_2020 - 2022 - amount]]), IF(ISNUMBER(_xlpm.production_amount), _xlpm.production_amount, 0))+_xlfn.LET(_xlpm.import_amount, VALUE(prodcom_data[[#This Row],[IMPQNT - EU27_2020 - 2022 - amount]]), IF(ISNUMBER(_xlpm.import_amount), _xlpm.import_amount, 0)) -> 10337493766 | AE7: =IF(NOT(AND(ISNUMBER(VALUE(prodcom_data[[#This Row],[PRODQNT - EU27_2020 - 2022 - amount]])), ISNUMBER(VALUE(prodcom_data[[#This Row],[IMPQNT - EU27_2020 - 2022 - amount]])))), "secrets", "") | AF7: =_xlfn.LET(_xlpm.production_amount, VALUE(prodcom_data[[#This Row],[PRODQNT - FR - 2019 - amount]]), IF(ISNUMBER(_xlpm.production_amount), _xlpm.production_amount, 0))+_xlfn.LET(_xlpm.import_amount, VALUE(prodcom_data[[#This Row],[IMPQNT - FR - 2019 - amount]]), IF(ISNUMBER(_xlpm.import_amount), _xlpm.import_amount, 0)) -> 1526001883 | AG7: =IF(NOT(AND(ISNUMBER(VALUE(prodcom_data[[#This Row],[PRODQNT - FR - 2019 - amount]])), ISNUMBER(VALUE(prodcom_data[[#This Row],[IMPQNT - FR - 2019 - amount]])))), "secrets", "") | AH7: =_xlfn.LET(_xlpm.production_amount, VALUE(prodcom_data[[#This Row],[PRODQNT - FR - 2022 - amount]]), IF(ISNUMBER(_xlpm.production_amount), _xlpm.production_amount, 0))+_xlfn.LET(_xlpm.import_amount, VALUE(prodcom_data[[#This Row],[IMPQNT - FR - 2022 - amount]]), IF(ISNUMBER(_xlpm.import_amount), _xlpm.import_amount, 0)) -> 171202101 | AI7: =IF(NOT(AND(ISNUMBER(VALUE(prodcom_data[[#This Row],[PRODQNT - FR - 2022 - amount]])), ISNUMBER(VALUE(prodcom_data[[#This Row],[IMPQNT - FR - 2022 - amount]])))), "secrets", "") -> secrets | AJ7: =_xlfn.LET(_xlpm.production_amount, IF(ISNUMBER(VALUE(prodcom_data[[#This Row],[PRODQNT - EU27_2020 - 2022 - amount]])),VALUE(prodcom_data[[#This Row],[PRODQNT - EU27_2020 - 2022 - amount]]), 0), _xlpm.import_amount, IF(ISNUMBER(VALUE(prodcom_data[[#This Row],[IMPQNT - EU27_2020 - 2022 - amount]])), VALUE(prodcom_data[[#This Row],[IMPQNT - EU27_2020 - 2022 - amount]]), 0), _xlpm.production_amount/(_xlpm.production_amount+_xlpm.import_amount)) -> 0.87904863
A8: A | B8: 20141140 | C8: Propene (propylene) | D8: 9792446126 | E8: KG | F8: 124453445 | G8: KG | H8: 845569901 | I8: KG | J8: 8574019066 | K8: KG | L8: 199594233 | M8: KG | N8: 507722136 | O8: KG | P8: 1055275803 | Q8: KG | R8: 120498700 | S8: KG | T8: 376161400 | U8: KG | V8: : | W8: KG | X8: 91064341 | Y8: KG | Z8: 361054455 | AA8: KG | AB8: =_xlfn.LET(_xlpm.production_amount, VALUE(prodcom_data[[#This Row],[PRODQNT - EU27_2020 - 2019 - amount]]), IF(ISNUMBER(_xlpm.production_amount), _xlpm.production_amount, 0))+_xlfn.LET(_xlpm.import_amount, VALUE(prodcom_data[[#This Row],[IMPQNT - EU27_2020 - 2019 - amount]]), IF(ISNUMBER(_xlpm.import_amount), _xlpm.import_amount, 0)) -> 10638016027 | AC8: =IF(NOT(AND(ISNUMBER(VALUE(prodcom_data[[#This Row],[PRODQNT - EU27_2020 - 2019 - amount]])), ISNUMBER(VALUE(prodcom_data[[#This Row],[IMPQNT - EU27_2020 - 2019 - amount]])))), "secrets", "") | AD8: =_xlfn.LET(_xlpm.production_amount, VALUE(prodcom_data[[#This Row],[PRODQNT - EU27_2020 - 2022 - amount]]), IF(ISNUMBER(_xlpm.production_amount), _xlpm.production_amount, 0))+_xlfn.LET(_xlpm.import_amount, VALUE(prodcom_data[[#This Row],[IMPQNT - EU27_2020 - 2022 - amount]]), IF(ISNUMBER(_xlpm.import_amount), _xlpm.import_amount, 0)) -> 9081741202 | AE8: =IF(NOT(AND(ISNUMBER(VALUE(prodcom_data[[#This Row],[PRODQNT - EU27_2020 - 2022 - amount]])), ISNUMBER(VALUE(prodcom_data[[#This Row],[IMPQNT - EU27_2020 - 2022 - amount]])))), "secrets", "") | AF8: =_xlfn.LET(_xlpm.production_amount, VALUE(prodcom_data[[#This Row],[PRODQNT - FR - 2019 - amount]]), IF(ISNUMBER(_xlpm.production_amount), _xlpm.production_amount, 0))+_xlfn.LET(_xlpm.import_amount, VALUE(prodcom_data[[#This Row],[IMPQNT - FR - 2019 - amount]]), IF(ISNUMBER(_xlpm.import_amount), _xlpm.import_amount, 0)) -> 1431437203 | AG8: =IF(NOT(AND(ISNUMBER(VALUE(prodcom_data[[#This Row],[PRODQNT - FR - 2019 - amount]])), ISNUMBER(VALUE(prodcom_data[[#This Row],[IMPQNT - FR - 2019 - amount]])))), "secrets", "") | AH8: =_xlfn.LET(_xlpm.production_amount, VALUE(prodcom_data[[#This Row],[PRODQNT - FR - 2022 - amount]]), IF(ISNUMBER(_xlpm.production_amount), _xlpm.production_amount, 0))+_xlfn.LET(_xlpm.import_amount, VALUE(prodcom_data[[#This Row],[IMPQNT - FR - 2022 - amount]]), IF(ISNUMBER(_xlpm.import_amount), _xlpm.import_amount, 0)) -> 361054455 | AI8: =IF(NOT(AND(ISNUMBER(VALUE(prodcom_data[[#This Row],[PRODQNT - FR - 2022 - amount]])), ISNUMBER(VALUE(prodcom_data[[#This Row],[IMPQNT - FR - 2022 - amount]])))), "secrets", "") -> secrets | AJ8: =_xlfn.LET(_xlpm.production_amount, IF(ISNUMBER(VALUE(prodcom_data[[#This Row],[PRODQNT - EU27_2020 - 2022 - amount]])),VALUE(prodcom_data[[#This Row],[PRODQNT - EU27_2020 - 2022 - amount]]), 0), _xlpm.import_amount, IF(ISNUMBER(VALUE(prodcom_data[[#This Row],[IMPQNT - EU27_2020 - 2022 - amount]])), VALUE(prodcom_data[[#This Row],[IMPQNT - EU27_2020 - 2022 - amount]]), 0), _xlpm.production_amount/(_xlpm.production_amount+_xlpm.import_amount)) -> 0.94409419
A9: A | B9: 20161050 | C9: Polyethylene having a specific gravity of >= 0,94, in primary forms | D9: 5550745548 | E9: KG | F9: 1237023590 | G9: KG | H9: 1953474415 | I9: KG | J9: 5978698843 | K9: KG | L9: 990970125 | M9: KG | N9: 1650180628 | O9: KG | P9: : | Q9: KG | R9: 343468500 | S9: KG | T9: 518059400 | U9: KG | V9: : | W9: KG | X9: 323981555 | Y9: KG | Z9: 455203986 | AA9: KG | AB9: =_xlfn.LET(_xlpm.production_amount, VALUE(prodcom_data[[#This Row],[PRODQNT - EU27_2020 - 2019 - amount]]), IF(ISNUMBER(_xlpm.production_amount), _xlpm.production_amount, 0))+_xlfn.LET(_xlpm.import_amount, VALUE(prodcom_data[[#This Row],[IMPQNT - EU27_2020 - 2019 - amount]]), IF(ISNUMBER(_xlpm.import_amount), _xlpm.import_amount, 0)) -> 7504219963 | AC9: =IF(NOT(AND(ISNUMBER(VALUE(prodcom_data[[#This Row],[PRODQNT - EU27_2020 - 2019 - amount]])), ISNUMBER(VALUE(prodcom_data[[#This Row],[IMPQNT - EU27_2020 - 2019 - amount]])))), "secrets", "") | AD9: =_xlfn.LET(_xlpm.production_amount, VALUE(prodcom_data[[#This Row],[PRODQNT - EU27_2020 - 2022 - amount]]), IF(ISNUMBER(_xlpm.production_amount), _xlpm.production_amount, 0))+_xlfn.LET(_xlpm.import_amount, VALUE(prodcom_data[[#This Row],[IMPQNT - EU27_2020 - 2022 - amount]]), IF(ISNUMBER(_xlpm.import_amount), _xlpm.import_amount, 0)) -> 7628879471 | AE9: =IF(NOT(AND(ISNUMBER(VALUE(prodcom_data[[#This Row],[PRODQNT - EU27_2020 - 2022 - amount]])), ISNUMBER(VALUE(prodcom_data[[#This Row],[IMPQNT - EU27_2020 - 2022 - amount]])))), "secrets", "") | AF9: =_xlfn.LET(_xlpm.production_amount, VALUE(prodcom_data[[#This Row],[PRODQNT - FR - 2019 - amount]]), IF(ISNUMBER(_xlpm.production_amount), _xlpm.production_amount, 0))+_xlfn.LET(_xlpm.import_amount, VALUE(prodcom_data[[#This Row],[IMPQNT - FR - 2019 - amount]]), IF(ISNUMBER(_xlpm.import_amount), _xlpm.import_amount, 0)) -> 518059400 | AG9: =IF(NOT(AND(ISNUMBER(VALUE(prodcom_data[[#This Row],[PRODQNT - FR - 2019 - amount]])), ISNUMBER(VALUE(prodcom_data[[#This Row],[IMPQNT - FR - 2019 - amount]])))), "secrets", "") -> secrets | AH9: =_xlfn.LET(_xlpm.production_amount, VALUE(prodcom_data[[#This Row],[PRODQNT - FR - 2022 - amount]]), IF(ISNUMBER(_xlpm.production_amount), _xlpm.production_amount, 0))+_xlfn.LET(_xlpm.import_amount, VALUE(prodcom_data[[#This Row],[IMPQNT - FR - 2022 - amount]]), IF(ISNUMBER(_xlpm.import_amount), _xlpm.import_amount, 0)) -> 455203986 | AI9: =IF(NOT(AND(ISNUMBER(VALUE(prodcom_data[[#This Row],[PRODQNT - FR - 2022 - amount]])), ISNUMBER(VALUE(prodcom_data[[#This Row],[IMPQNT - FR - 2022 - amount]])))), "secrets", "") -> secrets | AJ9: =_xlfn.LET(_xlpm.production_amount, IF(ISNUMBER(VALUE(prodcom_data[[#This Row],[PRODQNT - EU27_2020 - 2022 - amount]])),VALUE(prodcom_data[[#This Row],[PRODQNT - EU27_2020 - 2022 - amount]]), 0), _xlpm.import_amount, IF(ISNUMBER(VALUE(prodcom_data[[#This Row],[IMPQNT - EU27_2020 - 2022 - amount]])), VALUE(prodcom_data[[#This Row],[IMPQNT - EU27_2020 - 2022 - amount]]), 0), _xlpm.production_amount/(_xlpm.production_amount+_xlpm.import_amount)) -> 0.78369292
A10: A | B10: 20142210 | C10: Methanol (methyl alcohol) | D10: 1200000000 | E10: KG | F10: 465543413 | G10: KG | H10: 6504716635 | I10: KG | J10: 980000000 | K10: KG | L10: 360831488 | M10: KG | N10: 5924732058 | O10: KG | P10: : | Q10: KG | R10: 3032600 | S10: KG | T10: 621287900 | U10: KG | V10: 2033506 | W10: KG | X10: 2559616 | Y10: KG | Z10: 576113848 | AA10: KG | AB10: =_xlfn.LET(_xlpm.production_amount, VALUE(prodcom_data[[#This Row],[PRODQNT - EU27_2020 - 2019 - amount]]), IF(ISNUMBER(_xlpm.production_amount), _xlpm.production_amount, 0))+_xlfn.LET(_xlpm.import_amount, VALUE(prodcom_data[[#This Row],[IMPQNT - EU27_2020 - 2019 - amount]]), IF(ISNUMBER(_xlpm.import_amount), _xlpm.import_amount, 0)) -> 7704716635 | AC10: =IF(NOT(AND(ISNUMBER(VALUE(prodcom_data[[#This Row],[PRODQNT - EU27_2020 - 2019 - amount]])), ISNUMBER(VALUE(prodcom_data[[#This Row],[IMPQNT - EU27_2020 - 2019 - amount]])))), "secrets", "") | AD10: =_xlfn.LET(_xlpm.production_amount, VALUE(prodcom_data[[#This Row],[PRODQNT - EU27_2020 - 2022 - amount]]), IF(ISNUMBER(_xlpm.production_amount), _xlpm.production_amount, 0))+_xlfn.LET(_xlpm.import_amount, VALUE(prodcom_data[[#This Row],[IMPQNT - EU27_2020 - 2022 - amount]]), IF(ISNUMBER(_xlpm.import_amount), _xlpm.import_amount, 0)) -> 6904732058 | AE10: =IF(NOT(AND(ISNUMBER(VALUE(prodcom_data[[#This Row],[PRODQNT - EU27_2020 - 2022 - amount]])), ISNUMBER(VALUE(prodcom_data[[#This Row],[IMPQNT - EU27_2020 - 2022 - amount]])))), "secrets", "") | AF10: =_xlfn.LET(_xlpm.production_amount, VALUE(prodcom_data[[#This Row],[PRODQNT - FR - 2019 - amount]]), IF(ISNUMBER(_xlpm.production_amount), _xlpm.production_amount, 0))+_xlfn.LET(_xlpm.import_amount, VALUE(prodcom_data[[#This Row],[IMPQNT - FR - 2019 - amount]]), IF(ISNUMBER(_xlpm.import_amount), _xlpm.import_amount, 0)) -> 621287900 | AG10: =IF(NOT(AND(ISNUMBER(VALUE(prodcom_data[[#This Row],[PRODQNT - FR - 2019 - amount]])), ISNUMBER(VALUE(prodcom_data[[#This Row],[IMPQNT - FR - 2019 - amount]])))), "secrets", "") -> secrets | AH10: =_xlfn.LET(_xlpm.production_amount, VALUE(prodcom_data[[#This Row],[PRODQNT - FR - 2022 - amount]]), IF(ISNUMBER(_xlpm.production_amount), _xlpm.production_amount, 0))+_xlfn.LET(_xlpm.import_amount, VALUE(prodcom_data[[#This Row],[IMPQNT - FR - 2022 - amount]]), IF(ISNUMBER(_xlpm.import_amount), _xlpm.import_amount, 0)) -> 578147354 | AI10: =IF(NOT(AND(ISNUMBER(VALUE(prodcom_data[[#This Row],[PRODQNT - FR - 2022 - amount]])), ISNUMBER(VALUE(prodcom_data[[#This Row],[IMPQNT - FR - 2022 - amount]])))), "secrets", "") | AJ10: =_xlfn.LET(_xlpm.production_amount, IF(ISNUMBER(VALUE(prodcom_data[[#This Row],[PRODQNT - EU27_2020 - 2022 - amount]])),VALUE(prodcom_data[[#This Row],[PRODQNT - EU27_2020 - 2022 - amount]]), 0), _xlpm.import_amount, IF(ISNUMBER(VALUE(prodcom_data[[#This Row],[IMPQNT - EU27_2020 - 2022 - amount]])), VALUE(prodcom_data[[#This Row],[IMPQNT - EU27_2020 - 2022 - amount]]), 0), _xlpm.production_amount/(_xlpm.production_amount+_xlpm.import_amount)) -> 0.14193165
A11: A | B11: 20141223 | C11: Benzene | D11: 5406482633 | E11: KG | F11: 113144308 | G11: KG | H11: 1030258210 | I11: KG | J11: 5504236965 | K11: KG | L11: 319663008 | M11: KG | N11: 730239102 | O11: KG | P11: 453962000 | Q11: KG | R11: 106748700 | S11: KG | T11: 271292700 | U11: KG | V11: : | W11: KG | X11: 81604347 | Y11: KG | Z11: 185801174 | AA11: KG | AB11: =_xlfn.LET(_xlpm.production_amount, VALUE(prodcom_data[[#This Row],[PRODQNT - EU27_2020 - 2019 - amount]]), IF(ISNUMBER(_xlpm.production_amount), _xlpm.production_amount, 0))+_xlfn.LET(_xlpm.import_amount, VALUE(prodcom_data[[#This Row],[IMPQNT - EU27_2020 - 2019 - amount]]), IF(ISNUMBER(_xlpm.import_amount), _xlpm.import_amount, 0)) -> 6436740843 | AC11: =IF(NOT(AND(ISNUMBER(VALUE(prodcom_data[[#This Row],[PRODQNT - EU27_2020 - 2019 - amount]])), ISNUMBER(VALUE(prodcom_data[[#This Row],[IMPQNT - EU27_2020 - 2019 - amount]])))), "secrets", "") | AD11: =_xlfn.LET(_xlpm.production_amount, VALUE(prodcom_data[[#This Row],[PRODQNT - EU27_2020 - 2022 - amount]]), IF(ISNUMBER(_xlpm.production_amount), _xlpm.production_amount, 0))+_xlfn.LET(_xlpm.import_amount, VALUE(prodcom_data[[#This Row],[IMPQNT - EU27_2020 - 2022 - amount]]), IF(ISNUMBER(_xlpm.import_amount), _xlpm.import_amount, 0)) -> 6234476067 | AE11: =IF(NOT(AND(ISNUMBER(VALUE(prodcom_data[[#This Row],[PRODQNT - EU27_2020 - 2022 - amount]])), ISNUMBER(VALUE(prodcom_data[[#This Row],[IMPQNT - EU27_2020 - 2022 - amount]])))), "secrets", "") | AF11: =_xlfn.LET(_xlpm.production_amount, VALUE(prodcom_data[[#This Row],[PRODQNT - FR - 2019 - amount]]), IF(ISNUMBER(_xlpm.production_amount), _xlpm.production_amount, 0))+_xlfn.LET(_xlpm.import_amount, VALUE(prodcom_data[[#This Row],[IMPQNT - FR - 2019 - amount]]), IF(ISNUMBER(_xlpm.import_amount), _xlpm.import_amount, 0)) -> 725254700 | AG11: =IF(NOT(AND(ISNUMBER(VALUE(prodcom_data[[#This Row],[PRODQNT - FR - 2019 - amount]])), ISNUMBER(VALUE(prodcom_data[[#This Row],[IMPQNT - FR - 2019 - amount]])))), "secrets", "") | AH11: =_xlfn.LET(_xlpm.production_amount, VALUE(prodcom_data[[#This Row],[PRODQNT - FR - 2022 - amount]]), IF(ISNUMBER(_xlpm.production_amount), _xlpm.production_amount, 0))+_xlfn.LET(_xlpm.import_amount, VALUE(prodcom_data[[#This Row],[IMPQNT - FR - 2022 - amount]]), IF(ISNUMBER(_xlpm.import_amount), _xlpm.import_amount, 0)) -> 185801174 | AI11: =IF(NOT(AND(ISNUMBER(VALUE(prodcom_data[[#This Row],[PRODQNT - FR - 2022 - amount]])), ISNUMBER(VALUE(prodcom_data[[#This Row],[IMPQNT - FR - 2022 - amount]])))), "secrets", "") -> secrets | AJ11: =_xlfn.LET(_xlpm.production_amount, IF(ISNUMBER(VALUE(prodcom_data[[#This Row],[PRODQNT - EU27_2020 - 2022 - amount]])),VALUE(prodcom_data[[#This Row],[PRODQNT - EU27_2020 - 2022 - amount]]), 0), _xlpm.import_amount, IF(ISNUMBER(VALUE(prodcom_data[[#This Row],[IMPQNT - EU27_2020 - 2022 - amount]])), VALUE(prodcom_data[[#This Row],[IMPQNT - EU27_2020 - 2022 - amount]]), 0), _xlpm.production_amount/(_xlpm.production_amount+_xlpm.import_amount)) -> 0.88287081
A12: A | B12: 20147340 | C12: Naphthalene and other aromatic hydrocarbon mixtures (excluding benzene, toluene, xylene) | D12: 3857631585 | E12: KG | F12: 1609435284 | G12: KG | H12: 2479688162 | I12: KG | J12: 4200000000 | K12: KG | L12: 817079827 | M12: KG | N12: 1785891804 | O12: KG | P12: 718962185 | Q12: KG | R12: 332620600 | S12: KG | T12: 92493100 | U12: KG | V12: 213667462 | W12: KG | X12: 371161494 | Y12: KG | Z12: 67629059 | AA12: KG | AB12: =_xlfn.LET(_xlpm.production_amount, VALUE(prodcom_data[[#This Row],[PRODQNT - EU27_2020 - 2019 - amount]]), IF(ISNUMBER(_xlpm.production_amount), _xlpm.production_amount, 0))+_xlfn.LET(_xlpm.import_amount, VALUE(prodcom_data[[#This Row],[IMPQNT - EU27_2020 - 2019 - amount]]), IF(ISNUMBER(_xlpm.import_amount), _xlpm.import_amount, 0)) -> 6337319747 | AC12: =IF(NOT(AND(ISNUMBER(VALUE(prodcom_data[[#This Row],[PRODQNT - EU27_2020 - 2019 - amount]])), ISNUMBER(VALUE(prodcom_data[[#This Row],[IMPQNT - EU27_2020 - 2019 - amount]])))), "secrets", "") | AD12: =_xlfn.LET(_xlpm.production_amount, VALUE(prodcom_data[[#This Row],[PRODQNT - EU27_2020 - 2022 - amount]]), IF(ISNUMBER(_xlpm.production_amount), _xlpm.production_amount, 0))+_xlfn.LET(_xlpm.import_amount, VALUE(prodcom_data[[#This Row],[IMPQNT - EU27_2020 - 2022 - amount]]), IF(ISNUMBER(_xlpm.import_amount), _xlpm.import_amount, 0)) -> 5985891804 | AE12: =IF(NOT(AND(ISNUMBER(VALUE(prodcom_data[[#This Row],[PRODQNT - EU27_2020 - 2022 - amount]])), ISNUMBER(VALUE(prodcom_data[[#This Row],[IMPQNT - EU27_2020 - 2022 - amount]])))), "secrets", "") | AF12: =_xlfn.LET(_xlpm.production_amount, VALUE(prodcom_data[[#This Row],[PRODQNT - FR - 2019 - amount]]), IF(ISNUMBER(_xlpm.production_amount), _xlpm.production_amount, 0))+_xlfn.LET(_xlpm.import_amount, VALUE(prodcom_data[[#This Row],[IMPQNT - FR - 2019 - amount]]), IF(ISNUMBER(_xlpm.import_amount), _xlpm.import_amount, 0)) -> 811455285 | AG12: =IF(NOT(AND(ISNUMBER(VALUE(prodcom_data[[#This Row],[PRODQNT - FR - 2019 - amount]])), ISNUMBER(VALUE(prodcom_data[[#This Row],[IMPQNT - FR - 2019 - amount]])))), "secrets", "") | AH12: =_xlfn.LET(_xlpm.production_amount, VALUE(prodcom_data[[#This Row],[PRODQNT - FR - 2022 - amount]]), IF(ISNUMBER(_xlpm.production_amount), _xlpm.production_amount, 0))+_xlfn.LET(_xlpm.import_amount, VALUE(prodcom_data[[#This Row],[IMPQNT - FR - 2022 - amount]]), IF(ISNUMBER(_xlpm.import_amount), _xlpm.import_amount, 0)) -> 281296521 | AI12: =IF(NOT(AND(ISNUMBER(VALUE(prodcom_data[[#This Row],[PRODQNT - FR - 2022 - amount]])), ISNUMBER(VALUE(prodcom_data[[#This Row],[IMPQNT - FR - 2022 - amount]])))), "secrets", "") | AJ12: =_xlfn.LET(_xlpm.production_amount, IF(ISNUMBER(VALUE(prodcom_data[[#This Row],[PRODQNT - EU27_2020 - 2022 - amount]])),VALUE(prodcom_data[[#This Row],[PRODQNT - EU27_2020 - 2022 - amount]]), 0), _xlpm.import_amount, IF(ISNUMBER(VALUE(prodcom_data[[#This Row],[IMPQNT - EU27_2020 - 2022 - amount]])), VALUE(prodcom_data[[#This Row],[IMPQNT - EU27_2020 - 2022 - amount]]), 0), _xlpm.production_amount/(_xlpm.production_amount+_xlpm.import_amount)) -> 0.70164984 | AK12: Too broad
A13: A | B13: 20147400 | C13: Undenatured ethyl alcohol of an alcoholic strength by volume >= 80 % (important: excluding alcohol duty) | D13: 3849209351.0 | E13: KG | F13: 579008236.22 | G13: KG | H13: 766310790.61 | I13: KG | J13: 3950000000.0 | K13: KG | L13: 352347383.34000003 | M13: KG | N13: 1202299307.03 | O13: KG | P13: 1134544968.0900002 | Q13: KG | R13: 606179743.49 | S13: KG | T13: 354912762.19 | U13: KG | V13: 1169549630.3 | W13: KG | X13: 399937967.68 | Y13: KG | Z13: 638756277.5 | AA13: KG | AB13: =_xlfn.LET(_xlpm.production_amount, VALUE(prodcom_data[[#This Row],[PRODQNT - EU27_2020 - 2019 - amount]]), IF(ISNUMBER(_xlpm.production_amount), _xlpm.production_amount, 0))+_xlfn.LET(_xlpm.import_amount, VALUE(prodcom_data[[#This Row],[IMPQNT - EU27_2020 - 2019 - amount]]), IF(ISNUMBER(_xlpm.import_amount), _xlpm.import_amount, 0)) -> 4.6155201e+09 | AC13: =IF(NOT(AND(ISNUMBER(VALUE(prodcom_data[[#This Row],[PRODQNT - EU27_2020 - 2019 - amount]])), ISNUMBER(VALUE(prodcom_data[[#This Row],[IMPQNT - EU27_2020 - 2019 - amount]])))), "secrets", "") | AD13: =_xlfn.LET(_xlpm.production_amount, VALUE(prodcom_data[[#This Row],[PRODQNT - EU27_2020 - 2022 - amount]]), IF(ISNUMBER(_xlpm.production_amount), _xlpm.production_amount, 0))+_xlfn.LET(_xlpm.import_amount, VALUE(prodcom_data[[#This Row],[IMPQNT - EU27_2020 - 2022 - amount]]), IF(ISNUMBER(_xlpm.import_amount), _xlpm.import_amount, 0)) -> 5.1522993e+09 | AE13: =IF(NOT(AND(ISNUMBER(VALUE(prodcom_data[[#This Row],[PRODQNT - EU27_2020 - 2022 - amount]])), ISNUMBER(VALUE(prodcom_data[[#This Row],[IMPQNT - EU27_2020 - 2022 - amount]])))), "secrets", "") | AF13: =_xlfn.LET(_xlpm.production_amount, VALUE(prodcom_data[[#This Row],[PRODQNT - FR - 2019 - amount]]), IF(ISNUMBER(_xlpm.production_amount), _xlpm.production_amount, 0))+_xlfn.LET(_xlpm.import_amount, VALUE(prodcom_data[[#This Row],[IMPQNT - FR - 2019 - amount]]), IF(ISNUMBER(_xlpm.import_amount), _xlpm.import_amount, 0)) -> 1.4894577e+09 | AG13: =IF(NOT(AND(ISNUMBER(VALUE(prodcom_data[[#This Row],[PRODQNT - FR - 2019 - amount]])), ISNUMBER(VALUE(prodcom_data[[#This Row],[IMPQNT - FR - 2019 - amount]])))), "secrets", "") | AH13: =_xlfn.LET(_xlpm.production_amount, VALUE(prodcom_data[[#This Row],[PRODQNT - FR - 2022 - amount]]), IF(ISNUMBER(_xlpm.production_amount), _xlpm.production_amount, 0))+_xlfn.LET(_xlpm.import_amount, VALUE(prodcom_data[[#This Row],[IMPQNT - FR - 2022 - amount]]), IF(ISNUMBER(_xlpm.import_amount), _xlpm.import_amount, 0)) -> 1.8083059e+09 | AI13: =IF(NOT(AND(ISNUMBER(VALUE(prodcom_data[[#This Row],[PRODQNT - FR - 2022 - amount]])), ISNUMBER(VALUE(prodcom_data[[#This Row],[IMPQNT - FR - 2022 - amount]])))), "secrets", "") | AJ13: =_xlfn.LET(_xlpm.production_amount, IF(ISNUMBER(VALUE(prodcom_data[[#This Row],[PRODQNT - EU27_2020 - 2022 - amount]])),VALUE(prodcom_data[[#This Row],[PRODQNT - EU27_2020 - 2022 - amount]]), 0), _xlpm.import_amount, IF(ISNUMBER(VALUE(prodcom_data[[#This Row],[IMPQNT - EU27_2020 - 2022 - amount]])), VALUE(prodcom_data[[#This Row],[IMPQNT - EU27_2020 - 2022 - amount]]), 0), _xlpm.production_amount/(_xlpm.production_amount+_xlpm.import_amount)) -> 0.76664801 | AK13: Bio-based
A14: A | B14: 20163010 | C14: Polyvinyl chloride, not mixed with any other substances, in primary forms | D14: 4953910010 | E14: KG | F14: 1425967650 | G14: KG | H14: 504513532 | I14: KG | J14: 4470793569 | K14: KG | L14: 1060607262 | M14: KG | N14: 537253899 | O14: KG | P14: 1145155600 | Q14: KG | R14: 839037800 | S14: KG | T14: 189717600 | U14: KG | V14: 945577326 | W14: KG | X14: 673218633 | Y14: KG | Z14: 192712821 | AA14: KG | AB14: =_xlfn.LET(_xlpm.production_amount, VALUE(prodcom_data[[#This Row],[PRODQNT - EU27_2020 - 2019 - amount]]), IF(ISNUMBER(_xlpm.production_amount), _xlpm.production_amount, 0))+_xlfn.LET(_xlpm.import_amount, VALUE(prodcom_data[[#This Row],[IMPQNT - EU27_2020 - 2019 - amount]]), IF(ISNUMBER(_xlpm.import_amount), _xlpm.import_amount, 0)) -> 5458423542 | AC14: =IF(NOT(AND(ISNUMBER(VALUE(prodcom_data[[#This Row],[PRODQNT - EU27_2020 - 2019 - amount]])), ISNUMBER(VALUE(prodcom_data[[#This Row],[IMPQNT - EU27_2020 - 2019 - amount]])))), "secrets", "") | AD14: =_xlfn.LET(_xlpm.production_amount, VALUE(prodcom_data[[#This Row],[PRODQNT - EU27_2020 - 2022 - amount]]), IF(ISNUMBER(_xlpm.production_amount), _xlpm.production_amount, 0))+_xlfn.LET(_xlpm.import_amount, VALUE(prodcom_data[[#This Row],[IMPQNT - EU27_2020 - 2022 - amount]]), IF(ISNUMBER(_xlpm.import_amount), _xlpm.import_amount, 0)) -> 5008047468 | AE14: =IF(NOT(AND(ISNUMBER(VALUE(prodcom_data[[#This Row],[PRODQNT - EU27_2020 - 2022 - amount]])), ISNUMBER(VALUE(prodcom_data[[#This Row],[IMPQNT - EU27_2020 - 2022 - amount]])))), "secrets", "") | AF14: =_xlfn.LET(_xlpm.production_amount, VALUE(prodcom_data[[#This Row],[PRODQNT - FR - 2019 - amount]]), IF(ISNUMBER(_xlpm.production_amount), _xlpm.production_amount, 0))+_xlfn.LET(_xlpm.import_amount, VALUE(prodcom_data[[#This Row],[IMPQNT - FR - 2019 - amount]]), IF(ISNUMBER(_xlpm.import_amount), _xlpm.import_amount, 0)) -> 1334873200 | AG14: =IF(NOT(AND(ISNUMBER(VALUE(prodcom_data[[#This Row],[PRODQNT - FR - 2019 - amount]])), ISNUMBER(VALUE(prodcom_data[[#This Row],[IMPQNT - FR - 2019 - amount]])))), "secrets", "") | AH14: =_xlfn.LET(_xlpm.production_amount, VALUE(prodcom_data[[#This Row],[PRODQNT - FR - 2022 - amount]]), IF(ISNUMBER(_xlpm.production_amount), _xlpm.production_amount, 0))+_xlfn.LET(_xlpm.import_amount, VALUE(prodcom_data[[#This Row],[IMPQNT - FR - 2022 - amount]]), IF(ISNUMBER(_xlpm.import_amount), _xlpm.import_amount, 0)) -> 1138290147 | AI14: =IF(NOT(AND(ISNUMBER(VALUE(prodcom_data[[#This Row],[PRODQNT - FR - 2022 - amount]])), ISNUMBER(VALUE(prodcom_data[[#This Row],[IMPQNT - FR - 2022 - amount]])))), "secrets", "") | AJ14: =_xlfn.LET(_xlpm.production_amount, IF(ISNUMBER(VALUE(prodcom_data[[#This Row],[PRODQNT - EU27_2020 - 2022 - amount]])),VALUE(prodcom_data[[#This Row],[PRODQNT - EU27_2020 - 2022 - amount]]), 0), _xlpm.import_amount, IF(ISNUMBER(VALUE(prodcom_data[[#This Row],[IMPQNT - EU27_2020 - 2022 - amount]])), VALUE(prodcom_data[[#This Row],[IMPQNT - EU27_2020 - 2022 - amount]]), 0), _xlpm.production_amount/(_xlpm.production_amount+_xlpm.import_amount)) -> 0.89272188
A15: A | B15: 20161039 | C15: Polyethylene having a specific gravity < 0,94, in primary forms (excluding linear) | D15: 3804711583 | E15: KG | F15: 935132814 | G15: KG | H15: 846552896 | I15: KG | J15: 3561952039 | K15: KG | L15: 870209572 | M15: KG | N15: 912261837 | O15: KG | P15: 465074009 | Q15: KG | R15: 336705400 | S15: KG | T15: 397749900 | U15: KG | V15: : | W15: KG | X15: 198057025 | Y15: KG | Z15: 380096125 | AA15: KG | AB15: =_xlfn.LET(_xlpm.production_amount, VALUE(prodcom_data[[#This Row],[PRODQNT - EU27_2020 - 2019 - amount]]), IF(ISNUMBER(_xlpm.production_amount), _xlpm.production_amount, 0))+_xlfn.LET(_xlpm.import_amount, VALUE(prodcom_data[[#This Row],[IMPQNT - EU27_2020 - 2019 - amount]]), IF(ISNUMBER(_xlpm.import_amount), _xlpm.import_amount, 0)) -> 4651264479 | AC15: =IF(NOT(AND(ISNUMBER(VALUE(prodcom_data[[#This Row],[PRODQNT - EU27_2020 - 2019 - amount]])), ISNUMBER(VALUE(prodcom_data[[#This Row],[IMPQNT - EU27_2020 - 2019 - amount]])))), "secrets", "") | AD15: =_xlfn.LET(_xlpm.production_amount, VALUE(prodcom_data[[#This Row],[PRODQNT - EU27_2020 - 2022 - amount]]), IF(ISNUMBER(_xlpm.production_amount), _xlpm.production_amount, 0))+_xlfn.LET(_xlpm.import_amount, VALUE(prodcom_data[[#This Row],[IMPQNT - EU27_2020 - 2022 - amount]]), IF(ISNUMBER(_xlpm.import_amount), _xlpm.import_amount, 0)) -> 4474213876 | AE15: =IF(NOT(AND(ISNUMBER(VALUE(prodcom_data[[#This Row],[PRODQNT - EU27_2020 - 2022 - amount]])), ISNUMBER(VALUE(prodcom_data[[#This Row],[IMPQNT - EU27_2020 - 2022 - amount]])))), "secrets", "") | AF15: =_xlfn.LET(_xlpm.production_amount, VALUE(prodcom_data[[#This Row],[PRODQNT - FR - 2019 - amount]]), IF(ISNUMBER(_xlpm.production_amount), _xlpm.production_amount, 0))+_xlfn.LET(_xlpm.import_amount, VALUE(prodcom_data[[#This Row],[IMPQNT - FR - 2019 - amount]]), IF(ISNUMBER(_xlpm.import_amount), _xlpm.import_amount, 0)) -> 862823909 | AG15: =IF(NOT(AND(ISNUMBER(VALUE(prodcom_data[[#This Row],[PRODQNT - FR - 2019 - amount]])), ISNUMBER(VALUE(prodcom_data[[#This Row],[IMPQNT - FR - 2019 - amount]])))), "secrets", "") | AH15: =_xlfn.LET(_xlpm.production_amount, VALUE(prodcom_data[[#This Row],[PRODQNT - FR - 2022 - amount]]), IF(ISNUMBER(_xlpm.production_amount), _xlpm.production_amount, 0))+_xlfn.LET(_xlpm.import_amount, VALUE(prodcom_data[[#This Row],[IMPQNT - FR - 2022 - amount]]), IF(ISNUMBER(_xlpm.import_amount), _xlpm.import_amount, 0)) -> 380096125 | AI15: =IF(NOT(AND(ISNUMBER(VALUE(prodcom_data[[#This Row],[PRODQNT - FR - 2022 - amount]])), ISNUMBER(VALUE(prodcom_data[[#This Row],[IMPQNT - FR - 2022 - amount]])))), "secrets", "") -> secrets | AJ15: =_xlfn.LET(_xlpm.production_amount, IF(ISNUMBER(VALUE(prodcom_data[[#This Row],[PRODQNT - EU27_2020 - 2022 - amount]])),VALUE(prodcom_data[[#This Row],[PRODQNT - EU27_2020 - 2022 - amount]]), 0), _xlpm.import_amount, IF(ISNUMBER(VALUE(prodcom_data[[#This Row],[IMPQNT - EU27_2020 - 2022 - amount]])), VALUE(prodcom_data[[#This Row],[IMPQNT - EU27_2020 - 2022 - amount]]), 0), _xlpm.production_amount/(_xlpm.production_amount+_xlpm.import_amount)) -> 0.79610679
A16: A | B16: 20165390 | C16: Acrylic polymers, in primary forms (excluding polymethyl methacrylate) | D16: 3338385824 | E16: KG | F16: 1068009737 | G16: KG | H16: 426646178 | I16: KG | J16: 4000794976 | K16: KG | L16: 945648319 | M16: KG | N16: 471446900 | O16: KG | P16: 665115053 | Q16: KG | R16: 693817200 | S16: KG | T16: 259707700 | U16: KG | V16: 783387358 | W16: KG | X16: 678085987 | Y16: KG | Z16: 286964711 | AA16: KG | AB16: =_xlfn.LET(_xlpm.production_amount, VALUE(prodcom_data[[#This Row],[PRODQNT - EU27_2020 - 2019 - amount]]), IF(ISNUMBER(_xlpm.production_amount), _xlpm.production_amount, 0))+_xlfn.LET(_xlpm.import_amount, VALUE(prodcom_data[[#This Row],[IMPQNT - EU27_2020 - 2019 - amount]]), IF(ISNUMBER(_xlpm.import_amount), _xlpm.import_amount, 0)) -> 3765032002 | AC16: =IF(NOT(AND(ISNUMBER(VALUE(prodcom_data[[#This Row],[PRODQNT - EU27_2020 - 2019 - amount]])), ISNUMBER(VALUE(prodcom_data[[#This Row],[IMPQNT - EU27_2020 - 2019 - amount]])))), "secrets", "") | AD16: =_xlfn.LET(_xlpm.production_amount, VALUE(prodcom_data[[#This Row],[PRODQNT - EU27_2020 - 2022 - amount]]), IF(ISNUMBER(_xlpm.production_amount), _xlpm.production_amount, 0))+_xlfn.LET(_xlpm.import_amount, VALUE(prodcom_data[[#This Row],[IMPQNT - EU27_2020 - 2022 - amount]]), IF(ISNUMBER(_xlpm.import_amount), _xlpm.import_amount, 0)) -> 4472241876 | AE16: =IF(NOT(AND(ISNUMBER(VALUE(prodcom_data[[#This Row],[PRODQNT - EU27_2020 - 2022 - amount]])), ISNUMBER(VALUE(prodcom_data[[#This Row],[IMPQNT - EU27_2020 - 2022 - amount]])))), "secrets", "") | AF16: =_xlfn.LET(_xlpm.production_amount, VALUE(prodcom_data[[#This Row],[PRODQNT - FR - 2019 - amount]]), IF(ISNUMBER(_xlpm.production_amount), _xlpm.production_amount, 0))+_xlfn.LET(_xlpm.import_amount, VALUE(prodcom_data[[#This Row],[IMPQNT - FR - 2019 - amount]]), IF(ISNUMBER(_xlpm.import_amount), _xlpm.import_amount, 0)) -> 924822753 | AG16: =IF(NOT(AND(ISNUMBER(VALUE(prodcom_data[[#This Row],[PRODQNT - FR - 2019 - amount]])), ISNUMBER(VALUE(prodcom_data[[#This Row],[IMPQNT - FR - 2019 - amount]])))), "secrets", "") | AH16: =_xlfn.LET(_xlpm.production_amount, VALUE(prodcom_data[[#This Row],[PRODQNT - FR - 2022 - amount]]), IF(ISNUMBER(_xlpm.production_amount), _xlpm.production_amount, 0))+_xlfn.LET(_xlpm.import_amount, VALUE(prodcom_data[[#This Row],[IMPQNT - FR - 2022 - amount]]), IF(ISNUMBER(_xlpm.import_amount), _xlpm.import_amount, 0)) -> 1070352069 | AI16: =IF(NOT(AND(ISNUMBER(VALUE(prodcom_data[[#This Row],[PRODQNT - FR - 2022 - amount]])), ISNUMBER(VALUE(prodcom_data[[#This Row],[IMPQNT - FR - 2022 - amount]])))), "secrets", "") | AJ16: =_xlfn.LET(_xlpm.production_amount, IF(ISNUMBER(VALUE(prodcom_data[[#This Row],[PRODQNT - EU27_2020 - 2022 - amount]])),VALUE(prodcom_data[[#This Row],[PRODQNT - EU27_2020 - 2022 - amount]]), 0), _xlpm.import_amount, IF(ISNUMBER(VALUE(prodcom_data[[#This Row],[IMPQNT - EU27_2020 - 2022 - amount]])), VALUE(prodcom_data[[#This Row],[IMPQNT - EU27_2020 - 2022 - amount]]), 0), _xlpm.production_amount/(_xlpm.production_amount+_xlpm.import_amount)) -> 0.89458377 | AK16: Too broad
A17: A | B17: 20161035 | C17: Linear polyethylene having a specific gravity < 0,94, in primary forms | D17: 1839610198 | E17: KG | F17: 318193075 | G17: KG | H17: 791305255 | I17: KG | J17: 3486497998 | K17: KG | L17: 199640883 | M17: KG | N17: 752212055 | O17: KG | P17: 777417367 | Q17: KG | R17: 199769400 | S17: KG | T17: 182774100 | U17: KG | V17: 791249287 | W17: KG | X17: 146735786 | Y17: KG | Z17: 173773205 | AA17: KG | AB17: =_xlfn.LET(_xlpm.production_amount, VALUE(prodcom_data[[#This Row],[PRODQNT - EU27_2020 - 2019 - amount]]), IF(ISNUMBER(_xlpm.production_amount), _xlpm.production_amount, 0))+_xlfn.LET(_xlpm.import_amount, VALUE(prodcom_data[[#This Row],[IMPQNT - EU27_2020 - 2019 - amount]]), IF(ISNUMBER(_xlpm.import_amount), _xlpm.import_amount, 0)) -> 2630915453 | AC17: =IF(NOT(AND(ISNUMBER(VALUE(prodcom_data[[#This Row],[PRODQNT - EU27_2020 - 2019 - amount]])), ISNUMBER(VALUE(prodcom_data[[#This Row],[IMPQNT - EU27_2020 - 2019 - amount]])))), "secrets", "") | AD17: =_xlfn.LET(_xlpm.production_amount, VALUE(prodcom_data[[#This Row],[PRODQNT - EU27_2020 - 2022 - amount]]), IF(ISNUMBER(_xlpm.production_amount), _xlpm.production_amount, 0))+_xlfn.LET(_xlpm.import_amount, VALUE(prodcom_data[[#This Row],[IMPQNT - EU27_2020 - 2022 - amount]]), IF(ISNUMBER(_xlpm.import_amount), _xlpm.import_amount, 0)) -> 4238710053 | AE17: =IF(NOT(AND(ISNUMBER(VALUE(prodcom_data[[#This Row],[PRODQNT - EU27_2020 - 2022 - amount]])), ISNUMBER(VALUE(prodcom_data[[#This Row],[IMPQNT - EU27_2020 - 2022 - amount]])))), "secrets", "") | AF17: =_xlfn.LET(_xlpm.production_amount, VALUE(prodcom_data[[#This Row],[PRODQNT - FR - 2019 - amount]]), IF(ISNUMBER(_xlpm.production_amount), _xlpm.production_amount, 0))+_xlfn.LET(_xlpm.import_amount, VALUE(prodcom_data[[#This Row],[IMPQNT - FR - 2019 - amount]]), IF(ISNUMBER(_xlpm.import_amount), _xlpm.import_amount, 0)) -> 960191467 | AG17: =IF(NOT(AND(ISNUMBER(VALUE(prodcom_data[[#This Row],[PRODQNT - FR - 2019 - amount]])), ISNUMBER(VALUE(prodcom_data[[#This Row],[IMPQNT - FR - 2019 - amount]])))), "secrets", "") | AH17: =_xlfn.LET(_xlpm.production_amount, VALUE(prodcom_data[[#This Row],[PRODQNT - FR - 2022 - amount]]), IF(ISNUMBER(_xlpm.production_amount), _xlpm.production_amount, 0))+_xlfn.LET(_xlpm.import_amount, VALUE(prodcom_data[[#This Row],[IMPQNT - FR - 2022 - amount]]), IF(ISNUMBER(_xlpm.import_amount), _xlpm.import_amount, 0)) -> 965022492 | AI17: =IF(NOT(AND(ISNUMBER(VALUE(prodcom_data[[#This Row],[PRODQNT - FR - 2022 - amount]])), ISNUMBER(VALUE(prodcom_data[[#This Row],[IMPQNT - FR - 2022 - amount]])))), "secrets", "") | AJ17: =_xlfn.LET(_xlpm.production_amount, IF(ISNUMBER(VALUE(prodcom_data[[#This Row],[PRODQNT - EU27_2020 - 2022 - amount]])),VALUE(prodcom_data[[#This Row],[PRODQNT - EU27_2020 - 2022 - amount]]), 0), _xlpm.import_amount, IF(ISNUMBER(VALUE(prodcom_data[[#This Row],[IMPQNT - EU27_2020 - 2022 - amount]])), VALUE(prodcom_data[[#This Row],[IMPQNT - EU27_2020 - 2022 - amount]]), 0), _xlpm.production_amount/(_xlpm.production_amount+_xlpm.import_amount)) -> 0.82253751
A18: A | B18: 20141250 | C18: Styrene | D18: 2880904684 | E18: KG | F18: 592906998 | G18: KG | H18: 780445063 | I18: KG | J18: 3000000000 | K18: KG | L18: 319176496 | M18: KG | N18: 627976392 | O18: KG | P18: N/A | Q18: N/A | R18: 245663900 | S18: KG | T18: 314982100 | U18: KG | V18: N/A | W18: N/A | X18: 167106617 | Y18: KG | Z18: 242749901 | AA18: KG | AB18: =_xlfn.LET(_xlpm.production_amount, VALUE(prodcom_data[[#This Row],[PRODQNT - EU27_2020 - 2019 - amount]]), IF(ISNUMBER(_xlpm.production_amount), _xlpm.production_amount, 0))+_xlfn.LET(_xlpm.import_amount, VALUE(prodcom_data[[#This Row],[IMPQNT - EU27_2020 - 2019 - amount]]), IF(ISNUMBER(_xlpm.import_amount), _xlpm.import_amount, 0)) -> 3661349747 | AC18: =IF(NOT(AND(ISNUMBER(VALUE(prodcom_data[[#This Row],[PRODQNT - EU27_2020 - 2019 - amount]])), ISNUMBER(VALUE(prodcom_data[[#This Row],[IMPQNT - EU27_2020 - 2019 - amount]])))), "secrets", "") | AD18: =_xlfn.LET(_xlpm.production_amount, VALUE(prodcom_data[[#This Row],[PRODQNT - EU27_2020 - 2022 - amount]]), IF(ISNUMBER(_xlpm.production_amount), _xlpm.production_amount, 0))+_xlfn.LET(_xlpm.import_amount, VALUE(prodcom_data[[#This Row],[IMPQNT - EU27_2020 - 2022 - amount]]), IF(ISNUMBER(_xlpm.import_amount), _xlpm.import_amount, 0)) -> 3627976392 | AE18: =IF(NOT(AND(ISNUMBER(VALUE(prodcom_data[[#This Row],[PRODQNT - EU27_2020 - 2022 - amount]])), ISNUMBER(VALUE(prodcom_data[[#This Row],[IMPQNT - EU27_2020 - 2022 - amount]])))), "secrets", "") | AF18: =_xlfn.LET(_xlpm.production_amount, VALUE(prodcom_data[[#This Row],[PRODQNT - FR - 2019 - amount]]), IF(ISNUMBER(_xlpm.production_amount), _xlpm.production_amount, 0))+_xlfn.LET(_xlpm.import_amount, VALUE(prodcom_data[[#This Row],[IMPQNT - FR - 2019 - amount]]), IF(ISNUMBER(_xlpm.import_amount), _xlpm.import_amount, 0)) -> 314982100 | AG18: =IF(NOT(AND(ISNUMBER(VALUE(prodcom_data[[#This Row],[PRODQNT - FR - 2019 - amount]])), ISNUMBER(VALUE(prodcom_data[[#This Row],[IMPQNT - FR - 2019 - amount]])))), "secrets", "") -> secrets | AH18: =_xlfn.LET(_xlpm.production_amount, VALUE(prodcom_data[[#This Row],[PRODQNT - FR - 2022 - amount]]), IF(ISNUMBER(_xlpm.production_amount), _xlpm.production_amount, 0))+_xlfn.LET(_xlpm.import_amount, VALUE(prodcom_data[[#This Row],[IMPQNT - FR - 2022 - amount]]), IF(ISNUMBER(_xlpm.import_amount), _xlpm.import_amount, 0)) -> 242749901 | AI18: =IF(NOT(AND(ISNUMBER(VALUE(prodcom_data[[#This Row],[PRODQNT - FR - 2022 - amount]])), ISNUMBER(VALUE(prodcom_data[[#This Row],[IMPQNT - FR - 2022 - amount]])))), "secrets", "") -> secrets | AJ18: =_xlfn.LET(_xlpm.production_amount, IF(ISNUMBER(VALUE(prodcom_data[[#This Row],[PRODQNT - EU27_2020 - 2022 - amount]])),VALUE(prodcom_data[[#This Row],[PRODQNT - EU27_2020 - 2022 - amount]]), 0), _xlpm.import_amount, IF(ISNUMBER(VALUE(prodcom_data[[#This Row],[IMPQNT - EU27_2020 - 2022 - amount]])), VALUE(prodcom_data[[#This Row],[IMPQNT - EU27_2020 - 2022 - amount]]), 0), _xlpm.production_amount/(_xlpm.production_amount+_xlpm.import_amount)) -> 0.82690726
A19: A | B19: 20143430 | C19: Phthalic anhydride; terephthalic acid and its salts | D19: 3205054549 | E19: KG | F19: 1043592979 | G19: KG | H19: 786875190 | I19: KG | J19: 2800000000 | K19: KG | L19: 567296099 | M19: KG | N19: 691283735 | O19: KG | P19: 0 | Q19: KG | R19: 12200 | S19: KG | T19: 76134800 | U19: KG | V19: : | W19: KG | X19: 37355 | Y19: KG | Z19: 75268175 | AA19: KG | AB19: =_xlfn.LET(_xlpm.production_amount, VALUE(prodcom_data[[#This Row],[PRODQNT - EU27_2020 - 2019 - amount]]), IF(ISNUMBER(_xlpm.production_amount), _xlpm.production_amount, 0))+_xlfn.LET(_xlpm.import_amount, VALUE(prodcom_data[[#This Row],[IMPQNT - EU27_2020 - 2019 - amount]]), IF(ISNUMBER(_xlpm.import_amount), _xlpm.import_amount, 0)) -> 3991929739 | AC19: =IF(NOT(AND(ISNUMBER(VALUE(prodcom_data[[#This Row],[PRODQNT - EU27_2020 - 2019 - amount]])), ISNUMBER(VALUE(prodcom_data[[#This Row],[IMPQNT - EU27_2020 - 2019 - amount]])))), "secrets", "") | AD19: =_xlfn.LET(_xlpm.production_amount, VALUE(prodcom_data[[#This Row],[PRODQNT - EU27_2020 - 2022 - amount]]), IF(ISNUMBER(_xlpm.production_amount), _xlpm.production_amount, 0))+_xlfn.LET(_xlpm.import_amount, VALUE(prodcom_data[[#This Row],[IMPQNT - EU27_2020 - 2022 - amount]]), IF(ISNUMBER(_xlpm.import_amount), _xlpm.import_amount, 0)) -> 3491283735 | AE19: =IF(NOT(AND(ISNUMBER(VALUE(prodcom_data[[#This Row],[PRODQNT - EU27_2020 - 2022 - amount]])), ISNUMBER(VALUE(prodcom_data[[#This Row],[IMPQNT - EU27_2020 - 2022 - amount]])))), "secrets", "") | AF19: =_xlfn.LET(_xlpm.production_amount, VALUE(prodcom_data[[#This Row],[PRODQNT - FR - 2019 - amount]]), IF(ISNUMBER(_xlpm.production_amount), _xlpm.production_amount, 0))+_xlfn.LET(_xlpm.import_amount, VALUE(prodcom_data[[#This Row],[IMPQNT - FR - 2019 - amount]]), IF(ISNUMBER(_xlpm.import_amount), _xlpm.import_amount, 0)) -> 76134800 | AG19: =IF(NOT(AND(ISNUMBER(VALUE(prodcom_data[[#This Row],[PRODQNT - FR - 2019 - amount]])), ISNUMBER(VALUE(prodcom_data[[#This Row],[IMPQNT - FR - 2019 - amount]])))), "secrets", "") | AH19: =_xlfn.LET(_xlpm.production_amount, VALUE(prodcom_data[[#This Row],[PRODQNT - FR - 2022 - amount]]), IF(ISNUMBER(_xlpm.production_amount), _xlpm.production_amount, 0))+_xlfn.LET(_xlpm.import_amount, VALUE(prodcom_data[[#This Row],[IMPQNT - FR - 2022 - amount]]), IF(ISNUMBER(_xlpm.import_amount), _xlpm.import_amount, 0)) -> 75268175 | AI19: =IF(NOT(AND(ISNUMBER(VALUE(prodcom_data[[#This Row],[PRODQNT - FR - 2022 - amount]])), ISNUMBER(VALUE(prodcom_data[[#This Row],[IMPQNT - FR - 2022 - amount]])))), "secrets", "") -> secrets | AJ19: =_xlfn.LET(_xlpm.production_amount, IF(ISNUMBER(VALUE(prodcom_data[[#This Row],[PRODQNT - EU27_2020 - 2022 - amount]])),VALUE(prodcom_data[[#This Row],[PRODQNT - EU27_2020 - 2022 - amount]]), 0), _xlpm.import_amount, IF(ISNUMBER(VALUE(prodcom_data[[#This Row],[IMPQNT - EU27_2020 - 2022 - amount]])), VALUE(prodcom_data[[#This Row],[IMPQNT - EU27_2020 - 2022 - amount]]), 0), _xlpm.production_amount/(_xlpm.production_amount+_xlpm.import_amount)) -> 0.80199726
A20: A | B20: 20164062 | C20: Polyethylene terephthalate in primary forms having a viscosity number of >= 78 ml/g | D20: 2517574915 | E20: KG | F20: 267056705 | G20: KG | H20: 1091012060 | I20: KG | J20: 2200000000 | K20: KG | L20: 251477812 | M20: KG | N20: 1149184970 | O20: KG | P20: : | Q20: KG | R20: 31968300 | S20: KG | T20: 494229500 | U20: KG | V20: : | W20: KG | X20: 45776343 | Y20: KG | Z20: 399790693 | AA20: KG | AB20: =_xlfn.LET(_xlpm.production_amount, VALUE(prodcom_data[[#This Row],[PRODQNT - EU27_2020 - 2019 - amount]]), IF(ISNUMBER(_xlpm.production_amount), _xlpm.production_amount, 0))+_xlfn.LET(_xlpm.import_amount, VALUE(prodcom_data[[#This Row],[IMPQNT - EU27_2020 - 2019 - amount]]), IF(ISNUMBER(_xlpm.import_amount), _xlpm.import_amount, 0)) -> 3608586975 | AC20: =IF(NOT(AND(ISNUMBER(VALUE(prodcom_data[[#This Row],[PRODQNT - EU27_2020 - 2019 - amount]])), ISNUMBER(VALUE(prodcom_data[[#This Row],[IMPQNT - EU27_2020 - 2019 - amount]])))), "secrets", "") | AD20: =_xlfn.LET(_xlpm.production_amount, VALUE(prodcom_data[[#This Row],[PRODQNT - EU27_2020 - 2022 - amount]]), IF(ISNUMBER(_xlpm.production_amount), _xlpm.production_amount, 0))+_xlfn.LET(_xlpm.import_amount, VALUE(prodcom_data[[#This Row],[IMPQNT - EU27_2020 - 2022 - amount]]), IF(ISNUMBER(_xlpm.import_amount), _xlpm.import_amount, 0)) -> 3349184970 | AE20: =IF(NOT(AND(ISNUMBER(VALUE(prodcom_data[[#This Row],[PRODQNT - EU27_2020 - 2022 - amount]])), ISNUMBER(VALUE(prodcom_data[[#This Row],[IMPQNT - EU27_2020 - 2022 - amount]])))), "secrets", "") | AF20: =_xlfn.LET(_xlpm.production_amount, VALUE(prodcom_data[[#This Row],[PRODQNT - FR - 2019 - amount]]), IF(ISNUMBER(_xlpm.production_amount), _xlpm.production_amount, 0))+_xlfn.LET(_xlpm.import_amount, VALUE(prodcom_data[[#This Row],[IMPQNT - FR - 2019 - amount]]), IF(ISNUMBER(_xlpm.import_amount), _xlpm.import_amount, 0)) -> 494229500 | AG20: =IF(NOT(AND(ISNUMBER(VALUE(prodcom_data[[#This Row],[PRODQNT - FR - 2019 - amount]])), ISNUMBER(VALUE(prodcom_data[[#This Row],[IMPQNT - FR - 2019 - amount]])))), "secrets", "") -> secrets | AH20: =_xlfn.LET(_xlpm.production_amount, VALUE(prodcom_data[[#This Row],[PRODQNT - FR - 2022 - amount]]), IF(ISNUMBER(_xlpm.production_amount), _xlpm.production_amount, 0))+_xlfn.LET(_xlpm.import_amount, VALUE(prodcom_data[[#This Row],[IMPQNT - FR - 2022 - amount]]), IF(ISNUMBER(_xlpm.import_amount), _xlpm.import_amount, 0)) -> 399790693 | AI20: =IF(NOT(AND(ISNUMBER(VALUE(prodcom_data[[#This Row],[PRODQNT - FR - 2022 - amount]])), ISNUMBER(VALUE(prodcom_data[[#This Row],[IMPQNT - FR - 2022 - amount]])))), "secrets", "") -> secrets | AJ20: =_xlfn.LET(_xlpm.production_amount, IF(ISNUMBER(VALUE(prodcom_data[[#This Row],[PRODQNT - EU27_2020 - 2022 - amount]])),VALUE(prodcom_data[[#This Row],[PRODQNT - EU27_2020 - 2022 - amount]]), 0), _xlpm.import_amount, IF(ISNUMBER(VALUE(prodcom_data[[#This Row],[IMPQNT - EU27_2020 - 2022 - amount]])), VALUE(prodcom_data[[#This Row],[IMPQNT - EU27_2020 - 2022 - amount]]), 0), _xlpm.production_amount/(_xlpm.production_amount+_xlpm.import_amount)) -> 0.65687623
A21: A | B21: 20165550 | C21: Urea resins and thiourea resins, in primary forms | D21: 3271365258 | E21: KG | F21: 146978442 | G21: KG | H21: 102920747 | I21: KG | J21: 2827179444 | K21: KG | L21: 181699159 | M21: KG | N21: 142591005 | O21: KG | P21: : | Q21: KG | R21: 223800 | S21: KG | T21: 331218500 | U21: KG | V21: : | W21: KG | X21: 1293874 | Y21: KG | Z21: 207263216 | AA21: KG | AB21: =_xlfn.LET(_xlpm.production_amount, VALUE(prodcom_data[[#This Row],[PRODQNT - EU27_2020 - 2019 - amount]]), IF(ISNUMBER(_xlpm.production_amount), _xlpm.production_amount, 0))+_xlfn.LET(_xlpm.import_amount, VALUE(prodcom_data[[#This Row],[IMPQNT - EU27_2020 - 2019 - amount]]), IF(ISNUMBER(_xlpm.import_amount), _xlpm.import_amount, 0)) -> 3374286005 | AC21: =IF(NOT(AND(ISNUMBER(VALUE(prodcom_data[[#This Row],[PRODQNT - EU27_2020 - 2019 - amount]])), ISNUMBER(VALUE(prodcom_data[[#This Row],[IMPQNT - EU27_2020 - 2019 - amount]])))), "secrets", "") | AD21: =_xlfn.LET(_xlpm.production_amount, VALUE(prodcom_data[[#This Row],[PRODQNT - EU27_2020 - 2022 - amount]]), IF(ISNUMBER(_xlpm.production_amount), _xlpm.production_amount, 0))+_xlfn.LET(_xlpm.import_amount, VALUE(prodcom_data[[#This Row],[IMPQNT - EU27_2020 - 2022 - amount]]), IF(ISNUMBER(_xlpm.import_amount), _xlpm.import_amount, 0)) -> 2969770449 | AE21: =IF(NOT(AND(ISNUMBER(VALUE(prodcom_data[[#This Row],[PRODQNT - EU27_2020 - 2022 - amount]])), ISNUMBER(VALUE(prodcom_data[[#This Row],[IMPQNT - EU27_2020 - 2022 - amount]])))), "secrets", "") | AF21: =_xlfn.LET(_xlpm.production_amount, VALUE(prodcom_data[[#This Row],[PRODQNT - FR - 2019 - amount]]), IF(ISNUMBER(_xlpm.production_amount), _xlpm.production_amount, 0))+_xlfn.LET(_xlpm.import_amount, VALUE(prodcom_data[[#This Row],[IMPQNT - FR - 2019 - amount]]), IF(ISNUMBER(_xlpm.import_amount), _xlpm.import_amount, 0)) -> 331218500 | AG21: =IF(NOT(AND(ISNUMBER(VALUE(prodcom_data[[#This Row],[PRODQNT - FR - 2019 - amount]])), ISNUMBER(VALUE(prodcom_data[[#This Row],[IMPQNT - FR - 2019 - amount]])))), "secrets", "") -> secrets | AH21: =_xlfn.LET(_xlpm.production_amount, VALUE(prodcom_data[[#This Row],[PRODQNT - FR - 2022 - amount]]), IF(ISNUMBER(_xlpm.production_amount), _xlpm.production_amount, 0))+_xlfn.LET(_xlpm.import_amount, VALUE(prodcom_data[[#This Row],[IMPQNT - FR - 2022 - amount]]), IF(ISNUMBER(_xlpm.import_amount), _xlpm.import_amount, 0)) -> 207263216 | AI21: =IF(NOT(AND(ISNUMBER(VALUE(prodcom_data[[#This Row],[PRODQNT - FR - 2022 - amount]])), ISNUMBER(VALUE(prodcom_data[[#This Row],[IMPQNT - FR - 2022 - amount]])))), "secrets", "") -> secrets | AJ21: =_xlfn.LET(_xlpm.production_amount, IF(ISNUMBER(VALUE(prodcom_data[[#This Row],[PRODQNT - EU27_2020 - 2022 - amount]])),VALUE(prodcom_data[[#This Row],[PRODQNT - EU27_2020 - 2022 - amount]]), 0), _xlpm.import_amount, IF(ISNUMBER(VALUE(prodcom_data[[#This Row],[IMPQNT - EU27_2020 - 2022 - amount]])), VALUE(prodcom_data[[#This Row],[IMPQNT - EU27_2020 - 2022 - amount]]), 0), _xlpm.production_amount/(_xlpm.production_amount+_xlpm.import_amount)) -> 0.95198585 | AK21: Inorganic
A22: A | B22: 20165150 | C22: Polymers of propylene or of other olefins, in primary forms (excluding polypropylene) | D22: 2271366674 | E22: KG | F22: 1190671213 | G22: KG | H22: 585934061 | I22: KG | J22: 2319569424 | K22: KG | L22: 1029973558 | M22: KG | N22: 610039481 | O22: KG | P22: 44424846 | Q22: KG | R22: 554619900 | S22: KG | T22: 522517700 | U22: KG | V22: 136065647 | W22: KG | X22: 414913326 | Y22: KG | Z22: 499529401 | AA22: KG | AB22: =_xlfn.LET(_xlpm.production_amount, VALUE(prodcom_data[[#This Row],[PRODQNT - EU27_2020 - 2019 - amount]]), IF(ISNUMBER(_xlpm.production_amount), _xlpm.production_amount, 0))+_xlfn.LET(_xlpm.import_amount, VALUE(prodcom_data[[#This Row],[IMPQNT - EU27_2020 - 2019 - amount]]), IF(ISNUMBER(_xlpm.import_amount), _xlpm.import_amount, 0)) -> 2857300735 | AC22: =IF(NOT(AND(ISNUMBER(VALUE(prodcom_data[[#This Row],[PRODQNT - EU27_2020 - 2019 - amount]])), ISNUMBER(VALUE(prodcom_data[[#This Row],[IMPQNT - EU27_2020 - 2019 - amount]])))), "secrets", "") | AD22: =_xlfn.LET(_xlpm.production_amount, VALUE(prodcom_data[[#This Row],[PRODQNT - EU27_2020 - 2022 - amount]]), IF(ISNUMBER(_xlpm.production_amount), _xlpm.production_amount, 0))+_xlfn.LET(_xlpm.import_amount, VALUE(prodcom_data[[#This Row],[IMPQNT - EU27_2020 - 2022 - amount]]), IF(ISNUMBER(_xlpm.import_amount), _xlpm.import_amount, 0)) -> 2929608905 | AE22: =IF(NOT(AND(ISNUMBER(VALUE(prodcom_data[[#This Row],[PRODQNT - EU27_2020 - 2022 - amount]])), ISNUMBER(VALUE(prodcom_data[[#This Row],[IMPQNT - EU27_2020 - 2022 - amount]])))), "secrets", "") | AF22: =_xlfn.LET(_xlpm.production_amount, VALUE(prodcom_data[[#This Row],[PRODQNT - FR - 2019 - amount]]), IF(ISNUMBER(_xlpm.production_amount), _xlpm.production_amount, 0))+_xlfn.LET(_xlpm.import_amount, VALUE(prodcom_data[[#This Row],[IMPQNT - FR - 2019 - amount]]), IF(ISNUMBER(_xlpm.import_amount), _xlpm.import_amount, 0)) -> 566942546 | AG22: =IF(NOT(AND(ISNUMBER(VALUE(prodcom_data[[#This Row],[PRODQNT - FR - 2019 - amount]])), ISNUMBER(VALUE(prodcom_data[[#This Row],[IMPQNT - FR - 2019 - amount]])))), "secrets", "") | AH22: =_xlfn.LET(_xlpm.production_amount, VALUE(prodcom_data[[#This Row],[PRODQNT - FR - 2022 - amount]]), IF(ISNUMBER(_xlpm.production_amount), _xlpm.production_amount, 0))+_xlfn.LET(_xlpm.import_amount, VALUE(prodcom_data[[#This Row],[IMPQNT - FR - 2022 - amount]]), IF(ISNUMBER(_xlpm.import_amount), _xlpm.import_amount, 0)) -> 635595048 | AI22: =IF(NOT(AND(ISNUMBER(VALUE(prodcom_data[[#This Row],[PRODQNT - FR - 2022 - amount]])), ISNUMBER(VALUE(prodcom_data[[#This Row],[IMPQNT - FR - 2022 - amount]])))), "secrets", "") | AJ22: =_xlfn.LET(_xlpm.production_amount, IF(ISNUMBER(VALUE(prodcom_data[[#This Row],[PRODQNT - EU27_2020 - 2022 - amount]])),VALUE(prodcom_data[[#This Row],[PRODQNT - EU27_2020 - 2022 - amount]]), 0), _xlpm.import_amount, IF(ISNUMBER(VALUE(prodcom_data[[#This Row],[IMPQNT - EU27_2020 - 2022 - amount]])), VALUE(prodcom_data[[#This Row],[IMPQNT - EU27_2020 - 2022 - amount]]), 0), _xlpm.production_amount/(_xlpm.production_amount+_xlpm.import_amount)) -> 0.7917676 | AK22: Too broad
A23: A | B23: 20141160 | C23: Buta-1,3-diene and isoprene | D23: 2742866596 | E23: KG | F23: 298433161 | G23: KG | H23: 27881078 | I23: KG | J23: 2800000000 | K23: KG | L23: 278199711 | M23: KG | N23: 8940257 | O23: KG | P23: 811314214 | Q23: KG | R23: 34734300 | S23: KG | T23: 267379000 | U23: KG | V23: : | W23: KG | X23: 16780075 | Y23: KG | Z23: 242912947 | AA23: KG | AB23: =_xlfn.LET(_xlpm.production_amount, VALUE(prodcom_data[[#This Row],[PRODQNT - EU27_2020 - 2019 - amount]]), IF(ISNUMBER(_xlpm.production_amount), _xlpm.production_amount, 0))+_xlfn.LET(_xlpm.import_amount, VALUE(prodcom_data[[#This Row],[IMPQNT - EU27_2020 - 2019 - amount]]), IF(ISNUMBER(_xlpm.import_amount), _xlpm.import_amount, 0)) -> 2770747674 | AC23: =IF(NOT(AND(ISNUMBER(VALUE(prodcom_data[[#This Row],[PRODQNT - EU27_2020 - 2019 - amount]])), ISNUMBER(VALUE(prodcom_data[[#This Row],[IMPQNT - EU27_2020 - 2019 - amount]])))), "secrets", "") | AD23: =_xlfn.LET(_xlpm.production_amount, VALUE(prodcom_data[[#This Row],[PRODQNT - EU27_2020 - 2022 - amount]]), IF(ISNUMBER(_xlpm.production_amount), _xlpm.production_amount, 0))+_xlfn.LET(_xlpm.import_amount, VALUE(prodcom_data[[#This Row],[IMPQNT - EU27_2020 - 2022 - amount]]), IF(ISNUMBER(_xlpm.import_amount), _xlpm.import_amount, 0)) -> 2808940257 | AE23: =IF(NOT(AND(ISNUMBER(VALUE(prodcom_data[[#This Row],[PRODQNT - EU27_2020 - 2022 - amount]])), ISNUMBER(VALUE(prodcom_data[[#This Row],[IMPQNT - EU27_2020 - 2022 - amount]])))), "secrets", "") | AF23: =_xlfn.LET(_xlpm.production_amount, VALUE(prodcom_data[[#This Row],[PRODQNT - FR - 2019 - amount]]), IF(ISNUMBER(_xlpm.production_amount), _xlpm.production_amount, 0))+_xlfn.LET(_xlpm.import_amount, VALUE(prodcom_data[[#This Row],[IMPQNT - FR - 2019 - amount]]), IF(ISNUMBER(_xlpm.import_amount), _xlpm.import_amount, 0)) -> 1078693214 | AG23: =IF(NOT(AND(ISNUMBER(VALUE(prodcom_data[[#This Row],[PRODQNT - FR - 2019 - amount]])), ISNUMBER(VALUE(prodcom_data[[#This Row],[IMPQNT - FR - 2019 - amount]])))), "secrets", "") | AH23: =_xlfn.LET(_xlpm.production_amount, VALUE(prodcom_data[[#This Row],[PRODQNT - FR - 2022 - amount]]), IF(ISNUMBER(_xlpm.production_amount), _xlpm.production_amount, 0))+_xlfn.LET(_xlpm.import_amount, VALUE(prodcom_data[[#This Row],[IMPQNT - FR - 2022 - amount]]), IF(ISNUMBER(_xlpm.import_amount), _xlpm.import_amount, 0)) -> 242912947 | AI23: =IF(NOT(AND(ISNUMBER(VALUE(prodcom_data[[#This Row],[PRODQNT - FR - 2022 - amount]])), ISNUMBER(VALUE(prodcom_data[[#This Row],[IMPQNT - FR - 2022 - amount]])))), "secrets", "") -> secrets | AJ23: =_xlfn.LET(_xlpm.production_amount, IF(ISNUMBER(VALUE(prodcom_data[[#This Row],[PRODQNT - EU27_2020 - 2022 - amount]])),VALUE(prodcom_data[[#This Row],[PRODQNT - EU27_2020 - 2022 - amount]]), 0), _xlpm.import_amount, IF(ISNUMBER(VALUE(prodcom_data[[#This Row],[IMPQNT - EU27_2020 - 2022 - amount]])), VALUE(prodcom_data[[#This Row],[IMPQNT - EU27_2020 - 2022 - amount]]), 0), _xlpm.production_amount/(_xlpm.production_amount+_xlpm.import_amount)) -> 0.99681721
A24: A | B24: 20141120 | C24: Saturated acyclic hydrocarbons | D24: 861284640 | E24: KG | F24: 94938259 | G24: KG | H24: 1993784447 | I24: KG | J24: 980000000 | K24: KG | L24: 74915115 | M24: KG | N24: 1792881362 | O24: KG | P24: : | Q24: KG | R24: 14838200 | S24: KG | T24: 86858300 | U24: KG | V24: 6572870 | W24: KG | X24: 12477080 | Y24: KG | Z24: 45142235 | AA24: KG | AB24: =_xlfn.LET(_xlpm.production_amount, VALUE(prodcom_data[[#This Row],[PRODQNT - EU27_2020 - 2019 - amount]]), IF(ISNUMBER(_xlpm.production_amount), _xlpm.production_amount, 0))+_xlfn.LET(_xlpm.import_amount, VALUE(prodcom_data[[#This Row],[IMPQNT - EU27_2020 - 2019 - amount]]), IF(ISNUMBER(_xlpm.import_amount), _xlpm.import_amount, 0)) -> 2855069087 | AC24: =IF(NOT(AND(ISNUMBER(VALUE(prodcom_data[[#This Row],[PRODQNT - EU27_2020 - 2019 - amount]])), ISNUMBER(VALUE(prodcom_data[[#This Row],[IMPQNT - EU27_2020 - 2019 - amount]])))), "secrets", "") | AD24: =_xlfn.LET(_xlpm.production_amount, VALUE(prodcom_data[[#This Row],[PRODQNT - EU27_2020 - 2022 - amount]]), IF(ISNUMBER(_xlpm.production_amount), _xlpm.production_amount, 0))+_xlfn.LET(_xlpm.import_amount, VALUE(prodcom_data[[#This Row],[IMPQNT - EU27_2020 - 2022 - amount]]), IF(ISNUMBER(_xlpm.import_amount), _xlpm.import_amount, 0)) -> 2772881362 | AE24: =IF(NOT(AND(ISNUMBER(VALUE(prodcom_data[[#This Row],[PRODQNT - EU27_2020 - 2022 - amount]])), ISNUMBER(VALUE(prodcom_data[[#This Row],[IMPQNT - EU27_2020 - 2022 - amount]])))), "secrets", "") | AF24: =_xlfn.LET(_xlpm.production_amount, VALUE(prodcom_data[[#This Row],[PRODQNT - FR - 2019 - amount]]), IF(ISNUMBER(_xlpm.production_amount), _xlpm.production_amount, 0))+_xlfn.LET(_xlpm.import_amount, VALUE(prodcom_data[[#This Row],[IMPQNT - FR - 2019 - amount]]), IF(ISNUMBER(_xlpm.import_amount), _xlpm.import_amount, 0)) -> 86858300 | AG24: =IF(NOT(AND(ISNUMBER(VALUE(prodcom_data[[#This Row],[PRODQNT - FR - 2019 - amount]])), ISNUMBER(VALUE(prodcom_data[[#This Row],[IMPQNT - FR - 2019 - amount]])))), "secrets", "") -> secrets | AH24: =_xlfn.LET(_xlpm.production_amount, VALUE(prodcom_data[[#This Row],[PRODQNT - FR - 2022 - amount]]), IF(ISNUMBER(_xlpm.production_amount), _xlpm.production_amount, 0))+_xlfn.LET(_xlpm.import_amount, VALUE(prodcom_data[[#This Row],[IMPQNT - FR - 2022 - amount]]), IF(ISNUMBER(_xlpm.import_amount), _xlpm.import_amount, 0)) -> 51715105 | AI24: =IF(NOT(AND(ISNUMBER(VALUE(prodcom_data[[#This Row],[PRODQNT - FR - 2022 - amount]])), ISNUMBER(VALUE(prodcom_data[[#This Row],[IMPQNT - FR - 2022 - amount]])))), "secrets", "") | AJ24: =_xlfn.LET(_xlpm.production_amount, IF(ISNUMBER(VALUE(prodcom_data[[#This Row],[PRODQNT - EU27_2020 - 2022 - amount]])),VALUE(prodcom_data[[#This Row],[PRODQNT - EU27_2020 - 2022 - amount]]), 0), _xlpm.import_amount, IF(ISNUMBER(VALUE(prodcom_data[[#This Row],[IMPQNT - EU27_2020 - 2022 - amount]])), VALUE(prodcom_data[[#This Row],[IMPQNT - EU27_2020 - 2022 - amount]]), 0), _xlpm.production_amount/(_xlpm.production_amount+_xlpm.import_amount)) -> 0.35342298 | AK24: Too broad
A25: A | B25: 20146310 | C25: Acyclic ethers and their halogenated, sulphonated, nitrated or nitrosated derivatives | D25: 2016174630 | E25: KG | F25: 368237627 | G25: KG | H25: 332628698 | I25: KG | J25: 1800000000 | K25: KG | L25: 547060301 | M25: KG | N25: 726071613 | O25: KG | P25: N/A | Q25: N/A | R25: 501075300 | S25: KG | T25: 282865600 | U25: KG | V25: N/A | W25: N/A | X25: 462310632 | Y25: KG | Z25: 286816531 | AA25: KG | AB25: =_xlfn.LET(_xlpm.production_amount, VALUE(prodcom_data[[#This Row],[PRODQNT - EU27_2020 - 2019 - amount]]), IF(ISNUMBER(_xlpm.production_amount), _xlpm.production_amount, 0))+_xlfn.LET(_xlpm.import_amount, VALUE(prodcom_data[[#This Row],[IMPQNT - EU27_2020 - 2019 - amount]]), IF(ISNUMBER(_xlpm.import_amount), _xlpm.import_amount, 0)) -> 2348803328 | AC25: =IF(NOT(AND(ISNUMBER(VALUE(prodcom_data[[#This Row],[PRODQNT - EU27_2020 - 2019 - amount]])), ISNUMBER(VALUE(prodcom_data[[#This Row],[IMPQNT - EU27_2020 - 2019 - amount]])))), "secrets", "") | AD25: =_xlfn.LET(_xlpm.production_amount, VALUE(prodcom_data[[#This Row],[PRODQNT - EU27_2020 - 2022 - amount]]), IF(ISNUMBER(_xlpm.production_amount), _xlpm.production_amount, 0))+_xlfn.LET(_xlpm.import_amount, VALUE(prodcom_data[[#This Row],[IMPQNT - EU27_2020 - 2022 - amount]]), IF(ISNUMBER(_xlpm.import_amount), _xlpm.import_amount, 0)) -> 2526071613 | AE25: =IF(NOT(AND(ISNUMBER(VALUE(prodcom_data[[#This Row],[PRODQNT - EU27_2020 - 2022 - amount]])), ISNUMBER(VALUE(prodcom_data[[#This Row],[IMPQNT - EU27_2020 - 2022 - amount]])))), "secrets", "") | AF25: =_xlfn.LET(_xlpm.production_amount, VALUE(prodcom_data[[#This Row],[PRODQNT - FR - 2019 - amount]]), IF(ISNUMBER(_xlpm.production_amount), _xlpm.production_amount, 0))+_xlfn.LET(_xlpm.import_amount, VALUE(prodcom_data[[#This Row],[IMPQNT - FR - 2019 - amount]]), IF(ISNUMBER(_xlpm.import_amount), _xlpm.import_amount, 0)) -> 282865600 | AG25: =IF(NOT(AND(ISNUMBER(VALUE(prodcom_data[[#This Row],[PRODQNT - FR - 2019 - amount]])), ISNUMBER(VALUE(prodcom_data[[#This Row],[IMPQNT - FR - 2019 - amount]])))), "secrets", "") -> secrets | AH25: =_xlfn.LET(_xlpm.production_amount, VALUE(prodcom_data[[#This Row],[PRODQNT - FR - 2022 - amount]]), IF(ISNUMBER(_xlpm.production_amount), _xlpm.production_amount, 0))+_xlfn.LET(_xlpm.import_amount, VALUE(prodcom_data[[#This Row],[IMPQNT - FR - 2022 - amount]]), IF(ISNUMBER(_xlpm.import_amount), _xlpm.import_amount, 0)) -> 286816531 | AI25: =IF(NOT(AND(ISNUMBER(VALUE(prodcom_data[[#This Row],[PRODQNT - FR - 2022 - amount]])), ISNUMBER(VALUE(prodcom_data[[#This Row],[IMPQNT - FR - 2022 - amount]])))), "secrets", "") -> secrets | AJ25: =_xlfn.LET(_xlpm.production_amount, IF(ISNUMBER(VALUE(prodcom_data[[#This Row],[PRODQNT - EU27_2020 - 2022 - amount]])),VALUE(prodcom_data[[#This Row],[PRODQNT - EU27_2020 - 2022 - amount]]), 0), _xlpm.import_amount, IF(ISNUMBER(VALUE(prodcom_data[[#This Row],[IMPQNT - EU27_2020 - 2022 - amount]])), VALUE(prodcom_data[[#This Row],[IMPQNT - EU27_2020 - 2022 - amount]]), 0), _xlpm.production_amount/(_xlpm.production_amount+_xlpm.import_amount)) -> 0.71256887 | AK25: Too broad
A26: A | B26: 20165450 | C26: Polyamide -6, -11, -12, -6,6, -6,9, -6,10 or -6,12, in primary forms | D26: 1859082545 | E26: KG | F26: 469780544 | G26: KG | H26: 242946073 | I26: KG | J26: 2080000000 | K26: KG | L26: 365268880 | M26: KG | N26: 290412440 | O26: KG | P26: : | Q26: KG | R26: 109239900 | S26: KG | T26: 115233400 | U26: KG | V26: : | W26: KG | X26: 116347005 | Y26: KG | Z26: 125912655 | AA26: KG | AB26: =_xlfn.LET(_xlpm.production_amount, VALUE(prodcom_data[[#This Row],[PRODQNT - EU27_2020 - 2019 - amount]]), IF(ISNUMBER(_xlpm.production_amount), _xlpm.production_amount, 0))+_xlfn.LET(_xlpm.import_amount, VALUE(prodcom_data[[#This Row],[IMPQNT - EU27_2020 - 2019 - amount]]), IF(ISNUMBER(_xlpm.import_amount), _xlpm.import_amount, 0)) -> 2102028618 | AC26: =IF(NOT(AND(ISNUMBER(VALUE(prodcom_data[[#This Row],[PRODQNT - EU27_2020 - 2019 - amount]])), ISNUMBER(VALUE(prodcom_data[[#This Row],[IMPQNT - EU27_2020 - 2019 - amount]])))), "secrets", "") | AD26: =_xlfn.LET(_xlpm.production_amount, VALUE(prodcom_data[[#This Row],[PRODQNT - EU27_2020 - 2022 - amount]]), IF(ISNUMBER(_xlpm.production_amount), _xlpm.production_amount, 0))+_xlfn.LET(_xlpm.import_amount, VALUE(prodcom_data[[#This Row],[IMPQNT - EU27_2020 - 2022 - amount]]), IF(ISNUMBER(_xlpm.import_amount), _xlpm.import_amount, 0)) -> 2370412440 | AE26: =IF(NOT(AND(ISNUMBER(VALUE(prodcom_data[[#This Row],[PRODQNT - EU27_2020 - 2022 - amount]])), ISNUMBER(VALUE(prodcom_data[[#This Row],[IMPQNT - EU27_2020 - 2022 - amount]])))), "secrets", "") | AF26: =_xlfn.LET(_xlpm.production_amount, VALUE(prodcom_data[[#This Row],[PRODQNT - FR - 2019 - amount]]), IF(ISNUMBER(_xlpm.production_amount), _xlpm.production_amount, 0))+_xlfn.LET(_xlpm.import_amount, VALUE(prodcom_data[[#This Row],[IMPQNT - FR - 2019 - amount]]), IF(ISNUMBER(_xlpm.import_amount), _xlpm.import_amount, 0)) -> 115233400 | AG26: =IF(NOT(AND(ISNUMBER(VALUE(prodcom_data[[#This Row],[PRODQNT - FR - 2019 - amount]])), ISNUMBER(VALUE(prodcom_data[[#This Row],[IMPQNT - FR - 2019 - amount]])))), "secrets", "") -> secrets | AH26: =_xlfn.LET(_xlpm.production_amount, VALUE(prodcom_data[[#This Row],[PRODQNT - FR - 2022 - amount]]), IF(ISNUMBER(_xlpm.production_amount), _xlpm.production_amount, 0))+_xlfn.LET(_xlpm.import_amount, VALUE(prodcom_data[[#This Row],[IMPQNT - FR - 2022 - amount]]), IF(ISNUMBER(_xlpm.import_amount), _xlpm.import_amount, 0)) -> 125912655 | AI26: =IF(NOT(AND(ISNUMBER(VALUE(prodcom_data[[#This Row],[PRODQNT - FR - 2022 - amount]])), ISNUMBER(VALUE(prodcom_data[[#This Row],[IMPQNT - FR - 2022 - amount]])))), "secrets", "") -> secrets | AJ26: =_xlfn.LET(_xlpm.production_amount, IF(ISNUMBER(VALUE(prodcom_data[[#This Row],[PRODQNT - EU27_2020 - 2022 - amount]])),VALUE(prodcom_data[[#This Row],[PRODQNT - EU27_2020 - 2022 - amount]]), 0), _xlpm.import_amount, IF(ISNUMBER(VALUE(prodcom_data[[#This Row],[IMPQNT - EU27_2020 - 2022 - amount]])), VALUE(prodcom_data[[#This Row],[IMPQNT - EU27_2020 - 2022 - amount]]), 0), _xlpm.production_amount/(_xlpm.production_amount+_xlpm.import_amount)) -> 0.87748443
A27: A | B27: 20161090 | C27: Polymers of ethylene, in primary forms (excluding polyethylene, ethylene-vinyl acetate copolymers) | D27: 1466948303 | E27: KG | F27: 899402699 | G27: KG | H27: 1119589784 | I27: KG | J27: 977427615 | K27: KG | L27: 835156693 | M27: KG | N27: 1318729314 | O27: KG | P27: : | Q27: KG | R27: 386436100 | S27: KG | T27: 213321300 | U27: KG | V27: 19485243 | W27: KG | X27: 327791215 | Y27: KG | Z27: 263947797 | AA27: KG | AB27: =_xlfn.LET(_xlpm.production_amount, VALUE(prodcom_data[[#This Row],[PRODQNT - EU27_2020 - 2019 - amount]]), IF(ISNUMBER(_xlpm.production_amount), _xlpm.production_amount, 0))+_xlfn.LET(_xlpm.import_amount, VALUE(prodcom_data[[#This Row],[IMPQNT - EU27_2020 - 2019 - amount]]), IF(ISNUMBER(_xlpm.import_amount), _xlpm.import_amount, 0)) -> 2586538087 | AC27: =IF(NOT(AND(ISNUMBER(VALUE(prodcom_data[[#This Row],[PRODQNT - EU27_2020 - 2019 - amount]])), ISNUMBER(VALUE(prodcom_data[[#This Row],[IMPQNT - EU27_2020 - 2019 - amount]])))), "secrets", "") | AD27: =_xlfn.LET(_xlpm.production_amount, VALUE(prodcom_data[[#This Row],[PRODQNT - EU27_2020 - 2022 - amount]]), IF(ISNUMBER(_xlpm.production_amount), _xlpm.production_amount, 0))+_xlfn.LET(_xlpm.import_amount, VALUE(prodcom_data[[#This Row],[IMPQNT - EU27_2020 - 2022 - amount]]), IF(ISNUMBER(_xlpm.import_amount), _xlpm.import_amount, 0)) -> 2296156929 | AE27: =IF(NOT(AND(ISNUMBER(VALUE(prodcom_data[[#This Row],[PRODQNT - EU27_2020 - 2022 - amount]])), ISNUMBER(VALUE(prodcom_data[[#This Row],[IMPQNT - EU27_2020 - 2022 - amount]])))), "secrets", "") | AF27: =_xlfn.LET(_xlpm.production_amount, VALUE(prodcom_data[[#This Row],[PRODQNT - FR - 2019 - amount]]), IF(ISNUMBER(_xlpm.production_amount), _xlpm.production_amount, 0))+_xlfn.LET(_xlpm.import_amount, VALUE(prodcom_data[[#This Row],[IMPQNT - FR - 2019 - amount]]), IF(ISNUMBER(_xlpm.import_amount), _xlpm.import_amount, 0)) -> 213321300 | AG27: =IF(NOT(AND(ISNUMBER(VALUE(prodcom_data[[#This Row],[PRODQNT - FR - 2019 - amount]])), ISNUMBER(VALUE(prodcom_data[[#This Row],[IMPQNT - FR - 2019 - amount]])))), "secrets", "") -> secrets | AH27: =_xlfn.LET(_xlpm.production_amount, VALUE(prodcom_data[[#This Row],[PRODQNT - FR - 2022 - amount]]), IF(ISNUMBER(_xlpm.production_amount), _xlpm.production_amount, 0))+_xlfn.LET(_xlpm.import_amount, VALUE(prodcom_data[[#This Row],[IMPQNT - FR - 2022 - amount]]), IF(ISNUMBER(_xlpm.import_amount), _xlpm.import_amount, 0)) -> 283433040 | AI27: =IF(NOT(AND(ISNUMBER(VALUE(prodcom_data[[#This Row],[PRODQNT - FR - 2022 - amount]])), ISNUMBER(VALUE(prodcom_data[[#This Row],[IMPQNT - FR - 2022 - amount]])))), "secrets", "") | AJ27: =_xlfn.LET(_xlpm.production_amount, IF(ISNUMBER(VALUE(prodcom_data[[#This Row],[PRODQNT - EU27_2020 - 2022 - amount]])),VALUE(prodcom_data[[#This Row],[PRODQNT - EU27_2020 - 2022 - amount]]), 0), _xlpm.import_amount, IF(ISNUMBER(VALUE(prodcom_data[[#This Row],[IMPQNT - EU27_2020 - 2022 - amount]])), VALUE(prodcom_data[[#This Row],[IMPQNT - EU27_2020 - 2022 - amount]]), 0), _xlpm.production_amount/(_xlpm.production_amount+_xlpm.import_amount)) -> 0.4256798 | AK27: Too broad
A28: A | B28: 20147320 | C28: Benzol (benzene), toluol (toluene) and xylol (xylenes) | D28: 1782934741 | E28: KG | F28: 242858564 | G28: KG | H28: 311323634 | I28: KG | J28: 1795606724 | K28: KG | L28: 270158447 | M28: KG | N28: 323538499 | O28: KG | P28: : | Q28: KG | R28: 259298400 | S28: KG | T28: 38267100 | U28: KG | V28: : | W28: KG | X28: 220377239 | Y28: KG | Z28: 25889720 | AA28: KG | AB28: =_xlfn.LET(_xlpm.production_amount, VALUE(prodcom_data[[#This Row],[PRODQNT - EU27_2020 - 2019 - amount]]), IF(ISNUMBER(_xlpm.production_amount), _xlpm.production_amount, 0))+_xlfn.LET(_xlpm.import_amount, VALUE(prodcom_data[[#This Row],[IMPQNT - EU27_2020 - 2019 - amount]]), IF(ISNUMBER(_xlpm.import_amount), _xlpm.import_amount, 0)) -> 2094258375 | AC28: =IF(NOT(AND(ISNUMBER(VALUE(prodcom_data[[#This Row],[PRODQNT - EU27_2020 - 2019 - amount]])), ISNUMBER(VALUE(prodcom_data[[#This Row],[IMPQNT - EU27_2020 - 2019 - amount]])))), "secrets", "") | AD28: =_xlfn.LET(_xlpm.production_amount, VALUE(prodcom_data[[#This Row],[PRODQNT - EU27_2020 - 2022 - amount]]), IF(ISNUMBER(_xlpm.production_amount), _xlpm.production_amount, 0))+_xlfn.LET(_xlpm.import_amount, VALUE(prodcom_data[[#This Row],[IMPQNT - EU27_2020 - 2022 - amount]]), IF(ISNUMBER(_xlpm.import_amount), _xlpm.import_amount, 0)) -> 2119145223 | AE28: =IF(NOT(AND(ISNUMBER(VALUE(prodcom_data[[#This Row],[PRODQNT - EU27_2020 - 2022 - amount]])), ISNUMBER(VALUE(prodcom_data[[#This Row],[IMPQNT - EU27_2020 - 2022 - amount]])))), "secrets", "") | AF28: =_xlfn.LET(_xlpm.production_amount, VALUE(prodcom_data[[#This Row],[PRODQNT - FR - 2019 - amount]]), IF(ISNUMBER(_xlpm.production_amount), _xlpm.production_amount, 0))+_xlfn.LET(_xlpm.import_amount, VALUE(prodcom_data[[#This Row],[IMPQNT - FR - 2019 - amount]]), IF(ISNUMBER(_xlpm.import_amount), _xlpm.import_amount, 0)) -> 38267100 | AG28: =IF(NOT(AND(ISNUMBER(VALUE(prodcom_data[[#This Row],[PRODQNT - FR - 2019 - amount]])), ISNUMBER(VALUE(prodcom_data[[#This Row],[IMPQNT - FR - 2019 - amount]])))), "secrets", "") -> secrets | AH28: =_xlfn.LET(_xlpm.production_amount, VALUE(prodcom_data[[#This Row],[PRODQNT - FR - 2022 - amount]]), IF(ISNUMBER(_xlpm.production_amount), _xlpm.production_amount, 0))+_xlfn.LET(_xlpm.import_amount, VALUE(prodcom_data[[#This Row],[IMPQNT - FR - 2022 - amount]]), IF(ISNUMBER(_xlpm.import_amount), _xlpm.import_amount, 0)) -> 25889720 | AI28: =IF(NOT(AND(ISNUMBER(VALUE(prodcom_data[[#This Row],[PRODQNT - FR - 2022 - amount]])), ISNUMBER(VALUE(prodcom_data[[#This Row],[IMPQNT - FR - 2022 - amount]])))), "secrets", "") -> secrets | AJ28: =_xlfn.LET(_xlpm.production_amount, IF(ISNUMBER(VALUE(prodcom_data[[#This Row],[PRODQNT - EU27_2020 - 2022 - amount]])),VALUE(prodcom_data[[#This Row],[PRODQNT - EU27_2020 - 2022 - amount]]), 0), _xlpm.import_amount, IF(ISNUMBER(VALUE(prodcom_data[[#This Row],[IMPQNT - EU27_2020 - 2022 - amount]])), VALUE(prodcom_data[[#This Row],[IMPQNT - EU27_2020 - 2022 - amount]]), 0), _xlpm.production_amount/(_xlpm.production_amount+_xlpm.import_amount)) -> 0.84732594 | AK28: Too broad
A29: A | B29: 20143197 | C29: Industrial monocarboxylic fatty acids (excluding stearic, oleic, tall oil, distilled) | D29: 177875247 | E29: KG | F29: 73763151 | G29: KG | H29: 1384545410 | I29: KG | J29: 126000000 | K29: KG | L29: 90293527 | M29: KG | N29: 1881285576 | O29: KG | P29: : | Q29: KG | R29: 28630700 | S29: KG | T29: 14680500 | U29: KG | V29: : | W29: KG | X29: 20753074 | Y29: KG | Z29: 14394834 | AA29: KG | AB29: =_xlfn.LET(_xlpm.production_amount, VALUE(prodcom_data[[#This Row],[PRODQNT - EU27_2020 - 2019 - amount]]), IF(ISNUMBER(_xlpm.production_amount), _xlpm.production_amount, 0))+_xlfn.LET(_xlpm.import_amount, VALUE(prodcom_data[[#This Row],[IMPQNT - EU27_2020 - 2019 - amount]]), IF(ISNUMBER(_xlpm.import_amount), _xlpm.import_amount, 0)) -> 1562420657 | AC29: =IF(NOT(AND(ISNUMBER(VALUE(prodcom_data[[#This Row],[PRODQNT - EU27_2020 - 2019 - amount]])), ISNUMBER(VALUE(prodcom_data[[#This Row],[IMPQNT - EU27_2020 - 2019 - amount]])))), "secrets", "") | AD29: =_xlfn.LET(_xlpm.production_amount, VALUE(prodcom_data[[#This Row],[PRODQNT - EU27_2020 - 2022 - amount]]), IF(ISNUMBER(_xlpm.production_amount), _xlpm.production_amount, 0))+_xlfn.LET(_xlpm.import_amount, VALUE(prodcom_data[[#This Row],[IMPQNT - EU27_2020 - 2022 - amount]]), IF(ISNUMBER(_xlpm.import_amount), _xlpm.import_amount, 0)) -> 2007285576 | AE29: =IF(NOT(AND(ISNUMBER(VALUE(prodcom_data[[#This Row],[PRODQNT - EU27_2020 - 2022 - amount]])), ISNUMBER(VALUE(prodcom_data[[#This Row],[IMPQNT - EU27_2020 - 2022 - amount]])))), "secrets", "") | AF29: =_xlfn.LET(_xlpm.production_amount, VALUE(prodcom_data[[#This Row],[PRODQNT - FR - 2019 - amount]]), IF(ISNUMBER(_xlpm.production_amount), _xlpm.production_amount, 0))+_xlfn.LET(_xlpm.import_amount, VALUE(prodcom_data[[#This Row],[IMPQNT - FR - 2019 - amount]]), IF(ISNUMBER(_xlpm.import_amount), _xlpm.import_amount, 0)) -> 14680500 | AG29: =IF(NOT(AND(ISNUMBER(VALUE(prodcom_data[[#This Row],[PRODQNT - FR - 2019 - amount]])), ISNUMBER(VALUE(prodcom_data[[#This Row],[IMPQNT - FR - 2019 - amount]])))), "secrets", "") -> secrets | AH29: =_xlfn.LET(_xlpm.production_amount, VALUE(prodcom_data[[#This Row],[PRODQNT - FR - 2022 - amount]]), IF(ISNUMBER(_xlpm.production_amount), _xlpm.production_amount, 0))+_xlfn.LET(_xlpm.import_amount, VALUE(prodcom_data[[#This Row],[IMPQNT - FR - 2022 - amount]]), IF(ISNUMBER(_xlpm.import_amount), _xlpm.import_amount, 0)) -> 14394834 | AI29: =IF(NOT(AND(ISNUMBER(VALUE(prodcom_data[[#This Row],[PRODQNT - FR - 2022 - amount]])), ISNUMBER(VALUE(prodcom_data[[#This Row],[IMPQNT - FR - 2022 - amount]])))), "secrets", "") -> secrets | AJ29: =_xlfn.LET(_xlpm.production_amount, IF(ISNUMBER(VALUE(prodcom_data[[#This Row],[PRODQNT - EU27_2020 - 2022 - amount]])),VALUE(prodcom_data[[#This Row],[PRODQNT - EU27_2020 - 2022 - amount]]), 0), _xlpm.import_amount, IF(ISNUMBER(VALUE(prodcom_data[[#This Row],[IMPQNT - EU27_2020 - 2022 - amount]])), VALUE(prodcom_data[[#This Row],[IMPQNT - EU27_2020 - 2022 - amount]]), 0), _xlpm.production_amount/(_xlpm.production_amount+_xlpm.import_amount)) -> 0.062771337 | AK29: Too broad
A30: A | B30: 20141150 | C30: Butene (butylene) and isomers thereof | D30: 1674613555 | E30: KG | F30: 95308472 | G30: KG | H30: 66119 | I30: KG | J30: 2000000000 | K30: KG | L30: 107722054 | M30: KG | N30: 46666 | O30: KG | P30: : | Q30: KG | R30: 105200 | S30: KG | T30: 22874100 | U30: KG | V30: : | W30: KG | X30: 494 | Y30: KG | Z30: 22163375 | AA30: KG | AB30: =_xlfn.LET(_xlpm.production_amount, VALUE(prodcom_data[[#This Row],[PRODQNT - EU27_2020 - 2019 - amount]]), IF(ISNUMBER(_xlpm.production_amount), _xlpm.production_amount, 0))+_xlfn.LET(_xlpm.import_amount, VALUE(prodcom_data[[#This Row],[IMPQNT - EU27_2020 - 2019 - amount]]), IF(ISNUMBER(_xlpm.import_amount), _xlpm.import_amount, 0)) -> 1674679674 | AC30: =IF(NOT(AND(ISNUMBER(VALUE(prodcom_data[[#This Row],[PRODQNT - EU27_2020 - 2019 - amount]])), ISNUMBER(VALUE(prodcom_data[[#This Row],[IMPQNT - EU27_2020 - 2019 - amount]])))), "secrets", "") | AD30: =_xlfn.LET(_xlpm.production_amount, VALUE(prodcom_data[[#This Row],[PRODQNT - EU27_2020 - 2022 - amount]]), IF(ISNUMBER(_xlpm.production_amount), _xlpm.production_amount, 0))+_xlfn.LET(_xlpm.import_amount, VALUE(prodcom_data[[#This Row],[IMPQNT - EU27_2020 - 2022 - amount]]), IF(ISNUMBER(_xlpm.import_amount), _xlpm.import_amount, 0)) -> 2000046666 | AE30: =IF(NOT(AND(ISNUMBER(VALUE(prodcom_data[[#This Row],[PRODQNT - EU27_2020 - 2022 - amount]])), ISNUMBER(VALUE(prodcom_data[[#This Row],[IMPQNT - EU27_2020 - 2022 - amount]])))), "secrets", "") | AF30: =_xlfn.LET(_xlpm.production_amount, VALUE(prodcom_data[[#This Row],[PRODQNT - FR - 2019 - amount]]), IF(ISNUMBER(_xlpm.production_amount), _xlpm.production_amount, 0))+_xlfn.LET(_xlpm.import_amount, VALUE(prodcom_data[[#This Row],[IMPQNT - FR - 2019 - amount]]), IF(ISNUMBER(_xlpm.import_amount), _xlpm.import_amount, 0)) -> 22874100 | AG30: =IF(NOT(AND(ISNUMBER(VALUE(prodcom_data[[#This Row],[PRODQNT - FR - 2019 - amount]])), ISNUMBER(VALUE(prodcom_data[[#This Row],[IMPQNT - FR - 2019 - amount]])))), "secrets", "") -> secrets | AH30: =_xlfn.LET(_xlpm.production_amount, VALUE(prodcom_data[[#This Row],[PRODQNT - FR - 2022 - amount]]), IF(ISNUMBER(_xlpm.production_amount), _xlpm.production_amount, 0))+_xlfn.LET(_xlpm.import_amount, VALUE(prodcom_data[[#This Row],[IMPQNT - FR - 2022 - amount]]), IF(ISNUMBER(_xlpm.import_amount), _xlpm.import_amount, 0)) -> 22163375 | AI30: =IF(NOT(AND(ISNUMBER(VALUE(prodcom_data[[#This Row],[PRODQNT - FR - 2022 - amount]])), ISNUMBER(VALUE(prodcom_data[[#This Row],[IMPQNT - FR - 2022 - amount]])))), "secrets", "") -> secrets | AJ30: =_xlfn.LET(_xlpm.production_amount, IF(ISNUMBER(VALUE(prodcom_data[[#This Row],[PRODQNT - EU27_2020 - 2022 - amount]])),VALUE(prodcom_data[[#This Row],[PRODQNT - EU27_2020 - 2022 - amount]]), 0), _xlpm.import_amount, IF(ISNUMBER(VALUE(prodcom_data[[#This Row],[IMPQNT - EU27_2020 - 2022 - amount]])), VALUE(prodcom_data[[#This Row],[IMPQNT - EU27_2020 - 2022 - amount]]), 0), _xlpm.production_amount/(_xlpm.production_amount+_xlpm.import_amount)) -> 0.99997667
A31: A | B31: 20165670 | C31: Polyurethanes, in primary forms | D31: 2344181214 | E31: KG | F31: 488138801 | G31: KG | H31: 81666924 | I31: KG | J31: 1800000000 | K31: KG | L31: 452505013 | M31: KG | N31: 76946808 | O31: KG | P31: 76572342 | Q31: KG | R31: 59860000 | S31: KG | T31: 53816600 | U31: KG | V31: : | W31: KG | X31: 64839442 | Y31: KG | Z31: 54500328 | AA31: KG | AB31: =_xlfn.LET(_xlpm.production_amount, VALUE(prodcom_data[[#This Row],[PRODQNT - EU27_2020 - 2019 - amount]]), IF(ISNUMBER(_xlpm.production_amount), _xlpm.production_amount, 0))+_xlfn.LET(_xlpm.import_amount, VALUE(prodcom_data[[#This Row],[IMPQNT - EU27_2020 - 2019 - amount]]), IF(ISNUMBER(_xlpm.import_amount), _xlpm.import_amount, 0)) -> 2425848138 | AC31: =IF(NOT(AND(ISNUMBER(VALUE(prodcom_data[[#This Row],[PRODQNT - EU27_2020 - 2019 - amount]])), ISNUMBER(VALUE(prodcom_data[[#This Row],[IMPQNT - EU27_2020 - 2019 - amount]])))), "secrets", "") | AD31: =_xlfn.LET(_xlpm.production_amount, VALUE(prodcom_data[[#This Row],[PRODQNT - EU27_2020 - 2022 - amount]]), IF(ISNUMBER(_xlpm.production_amount), _xlpm.production_amount, 0))+_xlfn.LET(_xlpm.import_amount, VALUE(prodcom_data[[#This Row],[IMPQNT - EU27_2020 - 2022 - amount]]), IF(ISNUMBER(_xlpm.import_amount), _xlpm.import_amount, 0)) -> 1876946808 | AE31: =IF(NOT(AND(ISNUMBER(VALUE(prodcom_data[[#This Row],[PRODQNT - EU27_2020 - 2022 - amount]])), ISNUMBER(VALUE(prodcom_data[[#This Row],[IMPQNT - EU27_2020 - 2022 - amount]])))), "secrets", "") | AF31: =_xlfn.LET(_xlpm.production_amount, VALUE(prodcom_data[[#This Row],[PRODQNT - FR - 2019 - amount]]), IF(ISNUMBER(_xlpm.production_amount), _xlpm.production_amount, 0))+_xlfn.LET(_xlpm.import_amount, VALUE(prodcom_data[[#This Row],[IMPQNT - FR - 2019 - amount]]), IF(ISNUMBER(_xlpm.import_amount), _xlpm.import_amount, 0)) -> 130388942 | AG31: =IF(NOT(AND(ISNUMBER(VALUE(prodcom_data[[#This Row],[PRODQNT - FR - 2019 - amount]])), ISNUMBER(VALUE(prodcom_data[[#This Row],[IMPQNT - FR - 2019 - amount]])))), "secrets", "") | AH31: =_xlfn.LET(_xlpm.production_amount, VALUE(prodcom_data[[#This Row],[PRODQNT - FR - 2022 - amount]]), IF(ISNUMBER(_xlpm.production_amount), _xlpm.production_amount, 0))+_xlfn.LET(_xlpm.import_amount, VALUE(prodcom_data[[#This Row],[IMPQNT - FR - 2022 - amount]]), IF(ISNUMBER(_xlpm.import_amount), _xlpm.import_amount, 0)) -> 54500328 | AI31: =IF(NOT(AND(ISNUMBER(VALUE(prodcom_data[[#This Row],[PRODQNT - FR - 2022 - amount]])), ISNUMBER(VALUE(prodcom_data[[#This Row],[IMPQNT - FR - 2022 - amount]])))), "secrets", "") -> secrets | AJ31: =_xlfn.LET(_xlpm.production_amount, IF(ISNUMBER(VALUE(prodcom_data[[#This Row],[PRODQNT - EU27_2020 - 2022 - amount]])),VALUE(prodcom_data[[#This Row],[PRODQNT - EU27_2020 - 2022 - amount]]), 0), _xlpm.import_amount, IF(ISNUMBER(VALUE(prodcom_data[[#This Row],[IMPQNT - EU27_2020 - 2022 - amount]])), VALUE(prodcom_data[[#This Row],[IMPQNT - EU27_2020 - 2022 - amount]]), 0), _xlpm.production_amount/(_xlpm.production_amount+_xlpm.import_amount)) -> 0.95900427 | AK31: Too broad
A32: A | B32: 20162035 | C32: Expansible polystyrene, in primary forms | D32: 1646119041 | E32: KG | F32: 84366432 | G32: KG | H32: 100586452 | I32: KG | J32: 1653560947 | K32: KG | L32: 65965750 | M32: KG | N32: 210504230 | O32: KG | P32: 128987222 | Q32: KG | R32: 121913200 | S32: KG | T32: 130124700 | U32: KG | V32: : | W32: KG | X32: 83344197 | Y32: KG | Z32: 125718635 | AA32: KG | AB32: =_xlfn.LET(_xlpm.production_amount, VALUE(prodcom_data[[#This Row],[PRODQNT - EU27_2020 - 2019 - amount]]), IF(ISNUMBER(_xlpm.production_amount), _xlpm.production_amount, 0))+_xlfn.LET(_xlpm.import_amount, VALUE(prodcom_data[[#This Row],[IMPQNT - EU27_2020 - 2019 - amount]]), IF(ISNUMBER(_xlpm.import_amount), _xlpm.import_amount, 0)) -> 1746705493 | AC32: =IF(NOT(AND(ISNUMBER(VALUE(prodcom_data[[#This Row],[PRODQNT - EU27_2020 - 2019 - amount]])), ISNUMBER(VALUE(prodcom_data[[#This Row],[IMPQNT - EU27_2020 - 2019 - amount]])))), "secrets", "") | AD32: =_xlfn.LET(_xlpm.production_amount, VALUE(prodcom_data[[#This Row],[PRODQNT - EU27_2020 - 2022 - amount]]), IF(ISNUMBER(_xlpm.production_amount), _xlpm.production_amount, 0))+_xlfn.LET(_xlpm.import_amount, VALUE(prodcom_data[[#This Row],[IMPQNT - EU27_2020 - 2022 - amount]]), IF(ISNUMBER(_xlpm.import_amount), _xlpm.import_amount, 0)) -> 1864065177 | AE32: =IF(NOT(AND(ISNUMBER(VALUE(prodcom_data[[#This Row],[PRODQNT - EU27_2020 - 2022 - amount]])), ISNUMBER(VALUE(prodcom_data[[#This Row],[IMPQNT - EU27_2020 - 2022 - amount]])))), "secrets", "") | AF32: =_xlfn.LET(_xlpm.production_amount, VALUE(prodcom_data[[#This Row],[PRODQNT - FR - 2019 - amount]]), IF(ISNUMBER(_xlpm.production_amount), _xlpm.production_amount, 0))+_xlfn.LET(_xlpm.import_amount, VALUE(prodcom_data[[#This Row],[IMPQNT - FR - 2019 - amount]]), IF(ISNUMBER(_xlpm.import_amount), _xlpm.import_amount, 0)) -> 259111922 | AG32: =IF(NOT(AND(ISNUMBER(VALUE(prodcom_data[[#This Row],[PRODQNT - FR - 2019 - amount]])), ISNUMBER(VALUE(prodcom_data[[#This Row],[IMPQNT - FR - 2019 - amount]])))), "secrets", "") | AH32: =_xlfn.LET(_xlpm.production_amount, VALUE(prodcom_data[[#This Row],[PRODQNT - FR - 2022 - amount]]), IF(ISNUMBER(_xlpm.production_amount), _xlpm.production_amount, 0))+_xlfn.LET(_xlpm.import_amount, VALUE(prodcom_data[[#This Row],[IMPQNT - FR - 2022 - amount]]), IF(ISNUMBER(_xlpm.import_amount), _xlpm.import_amount, 0)) -> 125718635 | AI32: =IF(NOT(AND(ISNUMBER(VALUE(prodcom_data[[#This Row],[PRODQNT - FR - 2022 - amount]])), ISNUMBER(VALUE(prodcom_data[[#This Row],[IMPQNT - FR - 2022 - amount]])))), "secrets", "") -> secrets | AJ32: =_xlfn.LET(_xlpm.production_amount, IF(ISNUMBER(VALUE(prodcom_data[[#This Row],[PRODQNT - EU27_2020 - 2022 - amount]])),VALUE(prodcom_data[[#This Row],[PRODQNT - EU27_2020 - 2022 - amount]]), 0), _xlpm.import_amount, IF(ISNUMBER(VALUE(prodcom_data[[#This Row],[IMPQNT - EU27_2020 - 2022 - amount]])), VALUE(prodcom_data[[#This Row],[IMPQNT - EU27_2020 - 2022 - amount]]), 0), _xlpm.production_amount/(_xlpm.production_amount+_xlpm.import_amount)) -> 0.88707249
A33: A | B33: 20142410 | C33: Monophenols | D33: 1966372084 | E33: KG | F33: 125976851 | G33: KG | H33: 175036714 | I33: KG | J33: 1527607322 | K33: KG | L33: 105538000 | M33: KG | N33: 273208235 | O33: KG | P33: : | Q33: KG | R33: 4265100 | S33: KG | T33: 32594700 | U33: KG | V33: : | W33: KG | X33: 3775934 | Y33: KG | Z33: 29503864 | AA33: KG | AB33: =_xlfn.LET(_xlpm.production_amount, VALUE(prodcom_data[[#This Row],[PRODQNT - EU27_2020 - 2019 - amount]]), IF(ISNUMBER(_xlpm.production_amount), _xlpm.production_amount, 0))+_xlfn.LET(_xlpm.import_amount, VALUE(prodcom_data[[#This Row],[IMPQNT - EU27_2020 - 2019 - amount]]), IF(ISNUMBER(_xlpm.import_amount), _xlpm.import_amount, 0)) -> 2141408798 | AC33: =IF(NOT(AND(ISNUMBER(VALUE(prodcom_data[[#This Row],[PRODQNT - EU27_2020 - 2019 - amount]])), ISNUMBER(VALUE(prodcom_data[[#This Row],[IMPQNT - EU27_2020 - 2019 - amount]])))), "secrets", "") | AD33: =_xlfn.LET(_xlpm.production_amount, VALUE(prodcom_data[[#This Row],[PRODQNT - EU27_2020 - 2022 - amount]]), IF(ISNUMBER(_xlpm.production_amount), _xlpm.production_amount, 0))+_xlfn.LET(_xlpm.import_amount, VALUE(prodcom_data[[#This Row],[IMPQNT - EU27_2020 - 2022 - amount]]), IF(ISNUMBER(_xlpm.import_amount), _xlpm.import_amount, 0)) -> 1800815557 | AE33: =IF(NOT(AND(ISNUMBER(VALUE(prodcom_data[[#This Row],[PRODQNT - EU27_2020 - 2022 - amount]])), ISNUMBER(VALUE(prodcom_data[[#This Row],[IMPQNT - EU27_2020 - 2022 - amount]])))), "secrets", "") | AF33: =_xlfn.LET(_xlpm.production_amount, VALUE(prodcom_data[[#This Row],[PRODQNT - FR - 2019 - amount]]), IF(ISNUMBER(_xlpm.production_amount), _xlpm.production_amount, 0))+_xlfn.LET(_xlpm.import_amount, VALUE(prodcom_data[[#This Row],[IMPQNT - FR - 2019 - amount]]), IF(ISNUMBER(_xlpm.import_amount), _xlpm.import_amount, 0)) -> 32594700 | AG33: =IF(NOT(AND(ISNUMBER(VALUE(prodcom_data[[#This Row],[PRODQNT - FR - 2019 - amount]])), ISNUMBER(VALUE(prodcom_data[[#This Row],[IMPQNT - FR - 2019 - amount]])))), "secrets", "") -> secrets | AH33: =_xlfn.LET(_xlpm.production_amount, VALUE(prodcom_data[[#This Row],[PRODQNT - FR - 2022 - amount]]), IF(ISNUMBER(_xlpm.production_amount), _xlpm.production_amount, 0))+_xlfn.LET(_xlpm.import_amount, VALUE(prodcom_data[[#This Row],[IMPQNT - FR - 2022 - amount]]), IF(ISNUMBER(_xlpm.import_amount), _xlpm.import_amount, 0)) -> 29503864 | AI33: =IF(NOT(AND(ISNUMBER(VALUE(prodcom_data[[#This Row],[PRODQNT - FR - 2022 - amount]])), ISNUMBER(VALUE(prodcom_data[[#This Row],[IMPQNT - FR - 2022 - amount]])))), "secrets", "") -> secrets | AJ33: =_xlfn.LET(_xlpm.production_amount, IF(ISNUMBER(VALUE(prodcom_data[[#This Row],[PRODQNT - EU27_2020 - 2022 - amount]])),VALUE(prodcom_data[[#This Row],[PRODQNT - EU27_2020 - 2022 - amount]]), 0), _xlpm.import_amount, IF(ISNUMBER(VALUE(prodcom_data[[#This Row],[IMPQNT - EU27_2020 - 2022 - amount]])), VALUE(prodcom_data[[#This Row],[IMPQNT - EU27_2020 - 2022 - amount]]), 0), _xlpm.production_amount/(_xlpm.production_amount+_xlpm.import_amount)) -> 0.84828639 | AK33: Too broad
A34: A | B34: 20142310 | C34: Ethylene glycol (ethanediol) | D34: 1052439255 | E34: KG | F34: 115708314 | G34: KG | H34: 870400383 | I34: KG | J34: 1000000000 | K34: KG | L34: 50499603 | M34: KG | N34: 795747967 | O34: KG | P34: 99796 | Q34: KG | R34: 0 | S34: KG | T34: 72481700 | U34: KG | V34: 131879 | W34: KG | X34: 6955287 | Y34: KG | Z34: 71460637 | AA34: KG | AB34: =_xlfn.LET(_xlpm.production_amount, VALUE(prodcom_data[[#This Row],[PRODQNT - EU27_2020 - 2019 - amount]]), IF(ISNUMBER(_xlpm.production_amount), _xlpm.production_amount, 0))+_xlfn.LET(_xlpm.import_amount, VALUE(prodcom_data[[#This Row],[IMPQNT - EU27_2020 - 2019 - amount]]), IF(ISNUMBER(_xlpm.import_amount), _xlpm.import_amount, 0)) -> 1922839638 | AC34: =IF(NOT(AND(ISNUMBER(VALUE(prodcom_data[[#This Row],[PRODQNT - EU27_2020 - 2019 - amount]])), ISNUMBER(VALUE(prodcom_data[[#This Row],[IMPQNT - EU27_2020 - 2019 - amount]])))), "secrets", "") | AD34: =_xlfn.LET(_xlpm.production_amount, VALUE(prodcom_data[[#This Row],[PRODQNT - EU27_2020 - 2022 - amount]]), IF(ISNUMBER(_xlpm.production_amount), _xlpm.production_amount, 0))+_xlfn.LET(_xlpm.import_amount, VALUE(prodcom_data[[#This Row],[IMPQNT - EU27_2020 - 2022 - amount]]), IF(ISNUMBER(_xlpm.import_amount), _xlpm.import_amount, 0)) -> 1795747967 | AE34: =IF(NOT(AND(ISNUMBER(VALUE(prodcom_data[[#This Row],[PRODQNT - EU27_2020 - 2022 - amount]])), ISNUMBER(VALUE(prodcom_data[[#This Row],[IMPQNT - EU27_2020 - 2022 - amount]])))), "secrets", "") | AF34: =_xlfn.LET(_xlpm.production_amount, VALUE(prodcom_data[[#This Row],[PRODQNT - FR - 2019 - amount]]), IF(ISNUMBER(_xlpm.production_amount), _xlpm.production_amount, 0))+_xlfn.LET(_xlpm.import_amount, VALUE(prodcom_data[[#This Row],[IMPQNT - FR - 2019 - amount]]), IF(ISNUMBER(_xlpm.import_amount), _xlpm.import_amount, 0)) -> 72581496 | AG34: =IF(NOT(AND(ISNUMBER(VALUE(prodcom_data[[#This Row],[PRODQNT - FR - 2019 - amount]])), ISNUMBER(VALUE(prodcom_data[[#This Row],[IMPQNT - FR - 2019 - amount]])))), "secrets", "") | AH34: =_xlfn.LET(_xlpm.production_amount, VALUE(prodcom_data[[#This Row],[PRODQNT - FR - 2022 - amount]]), IF(ISNUMBER(_xlpm.production_amount), _xlpm.production_amount, 0))+_xlfn.LET(_xlpm.import_amount, VALUE(prodcom_data[[#This Row],[IMPQNT - FR - 2022 - amount]]), IF(ISNUMBER(_xlpm.import_amount), _xlpm.import_amount, 0)) -> 71592516 | AI34: =IF(NOT(AND(ISNUMBER(VALUE(prodcom_data[[#This Row],[PRODQNT - FR - 2022 - amount]])), ISNUMBER(VALUE(prodcom_data[[#This Row],[IMPQNT - FR - 2022 - amount]])))), "secrets", "") | AJ34: =_xlfn.LET(_xlpm.production_amount, IF(ISNUMBER(VALUE(prodcom_data[[#This Row],[PRODQNT - EU27_2020 - 2022 - amount]])),VALUE(prodcom_data[[#This Row],[PRODQNT - EU27_2020 - 2022 - amount]]), 0), _xlpm.import_amount, IF(ISNUMBER(VALUE(prodcom_data[[#This Row],[IMPQNT - EU27_2020 - 2022 - amount]])), VALUE(prodcom_data[[#This Row],[IMPQNT - EU27_2020 - 2022 - amount]]), 0), _xlpm.production_amount/(_xlpm.production_amount+_xlpm.import_amount)) -> 0.55687102
A35: A | B35: 20164015 | C35: Polyethylene glycols and other polyether alcohols, in primary forms | D35: 1977533010 | E35: KG | F35: 814904343 | G35: KG | H35: 216353897 | I35: KG | J35: 1427332962 | K35: KG | L35: 558740400 | M35: KG | N35: 259964484 | O35: KG | P35: 162014342 | Q35: KG | R35: 157186800 | S35: KG | T35: 143477700 | U35: KG | V35: : | W35: KG | X35: 140404366 | Y35: KG | Z35: 138464527 | AA35: KG | AB35: =_xlfn.LET(_xlpm.production_amount, VALUE(prodcom_data[[#This Row],[PRODQNT - EU27_2020 - 2019 - amount]]), IF(ISNUMBER(_xlpm.production_amount), _xlpm.production_amount, 0))+_xlfn.LET(_xlpm.import_amount, VALUE(prodcom_data[[#This Row],[IMPQNT - EU27_2020 - 2019 - amount]]), IF(ISNUMBER(_xlpm.import_amount), _xlpm.import_amount, 0)) -> 2193886907 | AC35: =IF(NOT(AND(ISNUMBER(VALUE(prodcom_data[[#This Row],[PRODQNT - EU27_2020 - 2019 - amount]])), ISNUMBER(VALUE(prodcom_data[[#This Row],[IMPQNT - EU27_2020 - 2019 - amount]])))), "secrets", "") | AD35: =_xlfn.LET(_xlpm.production_amount, VALUE(prodcom_data[[#This Row],[PRODQNT - EU27_2020 - 2022 - amount]]), IF(ISNUMBER(_xlpm.production_amount), _xlpm.production_amount, 0))+_xlfn.LET(_xlpm.import_amount, VALUE(prodcom_data[[#This Row],[IMPQNT - EU27_2020 - 2022 - amount]]), IF(ISNUMBER(_xlpm.import_amount), _xlpm.import_amount, 0)) -> 1687297446 | AE35: =IF(NOT(AND(ISNUMBER(VALUE(prodcom_data[[#This Row],[PRODQNT - EU27_2020 - 2022 - amount]])), ISNUMBER(VALUE(prodcom_data[[#This Row],[IMPQNT - EU27_2020 - 2022 - amount]])))), "secrets", "") | AF35: =_xlfn.LET(_xlpm.production_amount, VALUE(prodcom_data[[#This Row],[PRODQNT - FR - 2019 - amount]]), IF(ISNUMBER(_xlpm.production_amount), _xlpm.production_amount, 0))+_xlfn.LET(_xlpm.import_amount, VALUE(prodcom_data[[#This Row],[IMPQNT - FR - 2019 - amount]]), IF(ISNUMBER(_xlpm.import_amount), _xlpm.import_amount, 0)) -> 305492042 | AG35: =IF(NOT(AND(ISNUMBER(VALUE(prodcom_data[[#This Row],[PRODQNT - FR - 2019 - amount]])), ISNUMBER(VALUE(prodcom_data[[#This Row],[IMPQNT - FR - 2019 - amount]])))), "secrets", "") | AH35: =_xlfn.LET(_xlpm.production_amount, VALUE(prodcom_data[[#This Row],[PRODQNT - FR - 2022 - amount]]), IF(ISNUMBER(_xlpm.production_amount), _xlpm.production_amount, 0))+_xlfn.LET(_xlpm.import_amount, VALUE(prodcom_data[[#This Row],[IMPQNT - FR - 2022 - amount]]), IF(ISNUMBER(_xlpm.import_amount), _xlpm.import_amount, 0)) -> 138464527 | AI35: =IF(NOT(AND(ISNUMBER(VALUE(prodcom_data[[#This Row],[PRODQNT - FR - 2022 - amount]])), ISNUMBER(VALUE(prodcom_data[[#This Row],[IMPQNT - FR - 2022 - amount]])))), "secrets", "") -> secrets | AJ35: =_xlfn.LET(_xlpm.production_amount, IF(ISNUMBER(VALUE(prodcom_data[[#This Row],[PRODQNT - EU27_2020 - 2022 - amount]])),VALUE(prodcom_data[[#This Row],[PRODQNT - EU27_2020 - 2022 - amount]]), 0), _xlpm.import_amount, IF(ISNUMBER(VALUE(prodcom_data[[#This Row],[IMPQNT - EU27_2020 - 2022 - amount]])), VALUE(prodcom_data[[#This Row],[IMPQNT - EU27_2020 - 2022 - amount]]), 0), _xlpm.production_amount/(_xlpm.production_amount+_xlpm.import_amount)) -> 0.84592848 | AK35: Too broad
A36: A | B36: 20164090 | C36: Polyesters, in primary forms (excluding polyacetals, polyethers, epoxide resins, polycarbonates, alkyd resins, polyethylene terephthalate, other unsaturated polyesters) | D36: 1372840870 | E36: KG | F36: 353818192 | G36: KG | H36: 381787129 | I36: KG | J36: 1215524664 | K36: KG | L36: 352178159 | M36: KG | N36: 457983270 | O36: KG | P36: 8450868 | Q36: KG | R36: 25813900 | S36: KG | T36: 140839300 | U36: KG | V36: : | W36: KG | X36: 30711731 | Y36: KG | Z36: 158234682 | AA36: KG | AB36: =_xlfn.LET(_xlpm.production_amount, VALUE(prodcom_data[[#This Row],[PRODQNT - EU27_2020 - 2019 - amount]]), IF(ISNUMBER(_xlpm.production_amount), _xlpm.production_amount, 0))+_xlfn.LET(_xlpm.import_amount, VALUE(prodcom_data[[#This Row],[IMPQNT - EU27_2020 - 2019 - amount]]), IF(ISNUMBER(_xlpm.import_amount), _xlpm.import_amount, 0)) -> 1754627999 | AC36: =IF(NOT(AND(ISNUMBER(VALUE(prodcom_data[[#This Row],[PRODQNT - EU27_2020 - 2019 - amount]])), ISNUMBER(VALUE(prodcom_data[[#This Row],[IMPQNT - EU27_2020 - 2019 - amount]])))), "secrets", "") | AD36: =_xlfn.LET(_xlpm.production_amount, VALUE(prodcom_data[[#This Row],[PRODQNT - EU27_2020 - 2022 - amount]]), IF(ISNUMBER(_xlpm.production_amount), _xlpm.production_amount, 0))+_xlfn.LET(_xlpm.import_amount, VALUE(prodcom_data[[#This Row],[IMPQNT - EU27_2020 - 2022 - amount]]), IF(ISNUMBER(_xlpm.import_amount), _xlpm.import_amount, 0)) -> 1673507934 | AE36: =IF(NOT(AND(ISNUMBER(VALUE(prodcom_data[[#This Row],[PRODQNT - EU27_2020 - 2022 - amount]])), ISNUMBER(VALUE(prodcom_data[[#This Row],[IMPQNT - EU27_2020 - 2022 - amount]])))), "secrets", "") | AF36: =_xlfn.LET(_xlpm.production_amount, VALUE(prodcom_data[[#This Row],[PRODQNT - FR - 2019 - amount]]), IF(ISNUMBER(_xlpm.production_amount), _xlpm.production_amount, 0))+_xlfn.LET(_xlpm.import_amount, VALUE(prodcom_data[[#This Row],[IMPQNT - FR - 2019 - amount]]), IF(ISNUMBER(_xlpm.import_amount), _xlpm.import_amount, 0)) -> 149290168 | AG36: =IF(NOT(AND(ISNUMBER(VALUE(prodcom_data[[#This Row],[PRODQNT - FR - 2019 - amount]])), ISNUMBER(VALUE(prodcom_data[[#This Row],[IMPQNT - FR - 2019 - amount]])))), "secrets", "") | AH36: =_xlfn.LET(_xlpm.production_amount, VALUE(prodcom_data[[#This Row],[PRODQNT - FR - 2022 - amount]]), IF(ISNUMBER(_xlpm.production_amount), _xlpm.production_amount, 0))+_xlfn.LET(_xlpm.import_amount, VALUE(prodcom_data[[#This Row],[IMPQNT - FR - 2022 - amount]]), IF(ISNUMBER(_xlpm.import_amount), _xlpm.import_amount, 0)) -> 158234682 | AI36: =IF(NOT(AND(ISNUMBER(VALUE(prodcom_data[[#This Row],[PRODQNT - FR - 2022 - amount]])), ISNUMBER(VALUE(prodcom_data[[#This Row],[IMPQNT - FR - 2022 - amount]])))), "secrets", "") -> secrets | AJ36: =_xlfn.LET(_xlpm.production_amount, IF(ISNUMBER(VALUE(prodcom_data[[#This Row],[PRODQNT - EU27_2020 - 2022 - amount]])),VALUE(prodcom_data[[#This Row],[PRODQNT - EU27_2020 - 2022 - amount]]), 0), _xlpm.import_amount, IF(ISNUMBER(VALUE(prodcom_data[[#This Row],[IMPQNT - EU27_2020 - 2022 - amount]])), VALUE(prodcom_data[[#This Row],[IMPQNT - EU27_2020 - 2022 - amount]]), 0), _xlpm.production_amount/(_xlpm.production_amount+_xlpm.import_amount)) -> 0.72633337 | AK36: Too broad
A37: A | B37: 20146375 | C37: Methyloxirane (propylene oxide) | D37: 1641804660 | E37: KG | F37: 29173221 | G37: KG | H37: 70967677 | I37: KG | J37: 1620704043 | K37: KG | L37: 30047434 | M37: KG | N37: 30234134 | O37: KG | P37: N/A | Q37: N/A | R37: 51494800 | S37: KG | T37: 6819600 | U37: KG | V37: N/A | W37: N/A | X37: 89310147 | Y37: KG | Z37: 5925985 | AA37: KG | AB37: =_xlfn.LET(_xlpm.production_amount, VALUE(prodcom_data[[#This Row],[PRODQNT - EU27_2020 - 2019 - amount]]), IF(ISNUMBER(_xlpm.production_amount), _xlpm.production_amount, 0))+_xlfn.LET(_xlpm.import_amount, VALUE(prodcom_data[[#This Row],[IMPQNT - EU27_2020 - 2019 - amount]]), IF(ISNUMBER(_xlpm.import_amount), _xlpm.import_amount, 0)) -> 1712772337 | AC37: =IF(NOT(AND(ISNUMBER(VALUE(prodcom_data[[#This Row],[PRODQNT - EU27_2020 - 2019 - amount]])), ISNUMBER(VALUE(prodcom_data[[#This Row],[IMPQNT - EU27_2020 - 2019 - amount]])))), "secrets", "") | AD37: =_xlfn.LET(_xlpm.production_amount, VALUE(prodcom_data[[#This Row],[PRODQNT - EU27_2020 - 2022 - amount]]), IF(ISNUMBER(_xlpm.production_amount), _xlpm.production_amount, 0))+_xlfn.LET(_xlpm.import_amount, VALUE(prodcom_data[[#This Row],[IMPQNT - EU27_2020 - 2022 - amount]]), IF(ISNUMBER(_xlpm.import_amount), _xlpm.import_amount, 0)) -> 1650938177 | AE37: =IF(NOT(AND(ISNUMBER(VALUE(prodcom_data[[#This Row],[PRODQNT - EU27_2020 - 2022 - amount]])), ISNUMBER(VALUE(prodcom_data[[#This Row],[IMPQNT - EU27_2020 - 2022 - amount]])))), "secrets", "") | AF37: =_xlfn.LET(_xlpm.production_amount, VALUE(prodcom_data[[#This Row],[PRODQNT - FR - 2019 - amount]]), IF(ISNUMBER(_xlpm.production_amount), _xlpm.production_amount, 0))+_xlfn.LET(_xlpm.import_amount, VALUE(prodcom_data[[#This Row],[IMPQNT - FR - 2019 - amount]]), IF(ISNUMBER(_xlpm.import_amount), _xlpm.import_amount, 0)) -> 6819600 | AG37: =IF(NOT(AND(ISNUMBER(VALUE(prodcom_data[[#This Row],[PRODQNT - FR - 2019 - amount]])), ISNUMBER(VALUE(prodcom_data[[#This Row],[IMPQNT - FR - 2019 - amount]])))), "secrets", "") -> secrets | AH37: =_xlfn.LET(_xlpm.production_amount, VALUE(prodcom_data[[#This Row],[PRODQNT - FR - 2022 - amount]]), IF(ISNUMBER(_xlpm.production_amount), _xlpm.production_amount, 0))+_xlfn.LET(_xlpm.import_amount, VALUE(prodcom_data[[#This Row],[IMPQNT - FR - 2022 - amount]]), IF(ISNUMBER(_xlpm.import_amount), _xlpm.import_amount, 0)) -> 5925985 | AI37: =IF(NOT(AND(ISNUMBER(VALUE(prodcom_data[[#This Row],[PRODQNT - FR - 2022 - amount]])), ISNUMBER(VALUE(prodcom_data[[#This Row],[IMPQNT - FR - 2022 - amount]])))), "secrets", "") -> secrets | AJ37: =_xlfn.LET(_xlpm.production_amount, IF(ISNUMBER(VALUE(prodcom_data[[#This Row],[PRODQNT - EU27_2020 - 2022 - amount]])),VALUE(prodcom_data[[#This Row],[PRODQNT - EU27_2020 - 2022 - amount]]), 0), _xlpm.import_amount, IF(ISNUMBER(VALUE(prodcom_data[[#This Row],[IMPQNT - EU27_2020 - 2022 - amount]])), VALUE(prodcom_data[[#This Row],[IMPQNT - EU27_2020 - 2022 - amount]]), 0), _xlpm.production_amount/(_xlpm.production_amount+_xlpm.import_amount)) -> 0.9816867
A38: A | B38: 20165630 | C38: Amino resins, in primary forms (excluding urea and thiourea resins, melamine resins) | D38: 1330954731 | E38: KG | F38: 534493746 | G38: KG | H38: 141927802 | I38: KG | J38: 1342078405 | K38: KG | L38: 594725323 | M38: KG | N38: 258240039 | O38: KG | P38: 5323150 | Q38: KG | R38: 8902200 | S38: KG | T38: 126942700 | U38: KG | V38: : | W38: KG | X38: 5656102 | Y38: KG | Z38: 145231744 | AA38: KG | AB38: =_xlfn.LET(_xlpm.production_amount, VALUE(prodcom_data[[#This Row],[PRODQNT - EU27_2020 - 2019 - amount]]), IF(ISNUMBER(_xlpm.production_amount), _xlpm.production_amount, 0))+_xlfn.LET(_xlpm.import_amount, VALUE(prodcom_data[[#This Row],[IMPQNT - EU27_2020 - 2019 - amount]]), IF(ISNUMBER(_xlpm.import_amount), _xlpm.import_amount, 0)) -> 1472882533 | AC38: =IF(NOT(AND(ISNUMBER(VALUE(prodcom_data[[#This Row],[PRODQNT - EU27_2020 - 2019 - amount]])), ISNUMBER(VALUE(prodcom_data[[#This Row],[IMPQNT - EU27_2020 - 2019 - amount]])))), "secrets", "") | AD38: =_xlfn.LET(_xlpm.production_amount, VALUE(prodcom_data[[#This Row],[PRODQNT - EU27_2020 - 2022 - amount]]), IF(ISNUMBER(_xlpm.production_amount), _xlpm.production_amount, 0))+_xlfn.LET(_xlpm.import_amount, VALUE(prodcom_data[[#This Row],[IMPQNT - EU27_2020 - 2022 - amount]]), IF(ISNUMBER(_xlpm.import_amount), _xlpm.import_amount, 0)) -> 1600318444 | AE38: =IF(NOT(AND(ISNUMBER(VALUE(prodcom_data[[#This Row],[PRODQNT - EU27_2020 - 2022 - amount]])), ISNUMBER(VALUE(prodcom_data[[#This Row],[IMPQNT - EU27_2020 - 2022 - amount]])))), "secrets", "") | AF38: =_xlfn.LET(_xlpm.production_amount, VALUE(prodcom_data[[#This Row],[PRODQNT - FR - 2019 - amount]]), IF(ISNUMBER(_xlpm.production_amount), _xlpm.production_amount, 0))+_xlfn.LET(_xlpm.import_amount, VALUE(prodcom_data[[#This Row],[IMPQNT - FR - 2019 - amount]]), IF(ISNUMBER(_xlpm.import_amount), _xlpm.import_amount, 0)) -> 132265850 | AG38: =IF(NOT(AND(ISNUMBER(VALUE(prodcom_data[[#This Row],[PRODQNT - FR - 2019 - amount]])), ISNUMBER(VALUE(prodcom_data[[#This Row],[IMPQNT - FR - 2019 - amount]])))), "secrets", "") | AH38: =_xlfn.LET(_xlpm.production_amount, VALUE(prodcom_data[[#This Row],[PRODQNT - FR - 2022 - amount]]), IF(ISNUMBER(_xlpm.production_amount), _xlpm.production_amount, 0))+_xlfn.LET(_xlpm.import_amount, VALUE(prodcom_data[[#This Row],[IMPQNT - FR - 2022 - amount]]), IF(ISNUMBER(_xlpm.import_amount), _xlpm.import_amount, 0)) -> 145231744 | AI38: =IF(NOT(AND(ISNUMBER(VALUE(prodcom_data[[#This Row],[PRODQNT - FR - 2022 - amount]])), ISNUMBER(VALUE(prodcom_data[[#This Row],[IMPQNT - FR - 2022 - amount]])))), "secrets", "") -> secrets | AJ38: =_xlfn.LET(_xlpm.production_amount, IF(ISNUMBER(VALUE(prodcom_data[[#This Row],[PRODQNT - EU27_2020 - 2022 - amount]])),VALUE(prodcom_data[[#This Row],[PRODQNT - EU27_2020 - 2022 - amount]]), 0), _xlpm.import_amount, IF(ISNUMBER(VALUE(prodcom_data[[#This Row],[IMPQNT - EU27_2020 - 2022 - amount]])), VALUE(prodcom_data[[#This Row],[IMPQNT - EU27_2020 - 2022 - amount]]), 0), _xlpm.production_amount/(_xlpm.production_amount+_xlpm.import_amount)) -> 0.83863209 | AK38: Too broad
A39: A | B39: 20162039 | C39: Polystyrene, in primary forms (excluding expansible polystyrene) | D39: 1737955578 | E39: KG | F39: 316549184 | G39: KG | H39: 199187391 | I39: KG | J39: 1483611701 | K39: KG | L39: 239407056 | M39: KG | N39: 108864758 | O39: KG | P39: 420424280 | Q39: KG | R39: 285299800 | S39: KG | T39: 79083700 | U39: KG | V39: 359065159 | W39: KG | X39: 278293404 | Y39: KG | Z39: 61210665 | AA39: KG | AB39: =_xlfn.LET(_xlpm.production_amount, VALUE(prodcom_data[[#This Row],[PRODQNT - EU27_2020 - 2019 - amount]]), IF(ISNUMBER(_xlpm.production_amount), _xlpm.production_amount, 0))+_xlfn.LET(_xlpm.import_amount, VALUE(prodcom_data[[#This Row],[IMPQNT - EU27_2020 - 2019 - amount]]), IF(ISNUMBER(_xlpm.import_amount), _xlpm.import_amount, 0)) -> 1937142969 | AC39: =IF(NOT(AND(ISNUMBER(VALUE(prodcom_data[[#This Row],[PRODQNT - EU27_2020 - 2019 - amount]])), ISNUMBER(VALUE(prodcom_data[[#This Row],[IMPQNT - EU27_2020 - 2019 - amount]])))), "secrets", "") | AD39: =_xlfn.LET(_xlpm.production_amount, VALUE(prodcom_data[[#This Row],[PRODQNT - EU27_2020 - 2022 - amount]]), IF(ISNUMBER(_xlpm.production_amount), _xlpm.production_amount, 0))+_xlfn.LET(_xlpm.import_amount, VALUE(prodcom_data[[#This Row],[IMPQNT - EU27_2020 - 2022 - amount]]), IF(ISNUMBER(_xlpm.import_amount), _xlpm.import_amount, 0)) -> 1592476459 | AE39: =IF(NOT(AND(ISNUMBER(VALUE(prodcom_data[[#This Row],[PRODQNT - EU27_2020 - 2022 - amount]])), ISNUMBER(VALUE(prodcom_data[[#This Row],[IMPQNT - EU27_2020 - 2022 - amount]])))), "secrets", "") | AF39: =_xlfn.LET(_xlpm.production_amount, VALUE(prodcom_data[[#This Row],[PRODQNT - FR - 2019 - amount]]), IF(ISNUMBER(_xlpm.production_amount), _xlpm.production_amount, 0))+_xlfn.LET(_xlpm.import_amount, VALUE(prodcom_data[[#This Row],[IMPQNT - FR - 2019 - amount]]), IF(ISNUMBER(_xlpm.import_amount), _xlpm.import_amount, 0)) -> 499507980 | AG39: =IF(NOT(AND(ISNUMBER(VALUE(prodcom_data[[#This Row],[PRODQNT - FR - 2019 - amount]])), ISNUMBER(VALUE(prodcom_data[[#This Row],[IMPQNT - FR - 2019 - amount]])))), "secrets", "") | AH39: =_xlfn.LET(_xlpm.production_amount, VALUE(prodcom_data[[#This Row],[PRODQNT - FR - 2022 - amount]]), IF(ISNUMBER(_xlpm.production_amount), _xlpm.production_amount, 0))+_xlfn.LET(_xlpm.import_amount, VALUE(prodcom_data[[#This Row],[IMPQNT - FR - 2022 - amount]]), IF(ISNUMBER(_xlpm.import_amount), _xlpm.import_amount, 0)) -> 420275824 | AI39: =IF(NOT(AND(ISNUMBER(VALUE(prodcom_data[[#This Row],[PRODQNT - FR - 2022 - amount]])), ISNUMBER(VALUE(prodcom_data[[#This Row],[IMPQNT - FR - 2022 - amount]])))), "secrets", "") | AJ39: =_xlfn.LET(_xlpm.production_amount, IF(ISNUMBER(VALUE(prodcom_data[[#This Row],[PRODQNT - EU27_2020 - 2022 - amount]])),VALUE(prodcom_data[[#This Row],[PRODQNT - EU27_2020 - 2022 - amount]]), 0), _xlpm.import_amount, IF(ISNUMBER(VALUE(prodcom_data[[#This Row],[IMPQNT - EU27_2020 - 2022 - amount]])), VALUE(prodcom_data[[#This Row],[IMPQNT - EU27_2020 - 2022 - amount]]), 0), _xlpm.production_amount/(_xlpm.production_amount+_xlpm.import_amount)) -> 0.93163807
A40: A | B40: 20143219 | C40: Esters of acetic acid (excluding ethyl acetate) | D40: 637080618 | E40: KG | F40: 157830975 | G40: KG | H40: 807566206 | I40: KG | J40: 535116016 | K40: KG | L40: 127855892 | M40: KG | N40: 766142528 | O40: KG | P40: 17163152 | Q40: KG | R40: 0 | S40: KG | T40: 67689600 | U40: KG | V40: : | W40: KG | X40: 30602556 | Y40: KG | Z40: 75696535 | AA40: KG | AB40: =_xlfn.LET(_xlpm.production_amount, VALUE(prodcom_data[[#This Row],[PRODQNT - EU27_2020 - 2019 - amount]]), IF(ISNUMBER(_xlpm.production_amount), _xlpm.production_amount, 0))+_xlfn.LET(_xlpm.import_amount, VALUE(prodcom_data[[#This Row],[IMPQNT - EU27_2020 - 2019 - amount]]), IF(ISNUMBER(_xlpm.import_amount), _xlpm.import_amount, 0)) -> 1444646824 | AC40: =IF(NOT(AND(ISNUMBER(VALUE(prodcom_data[[#This Row],[PRODQNT - EU27_2020 - 2019 - amount]])), ISNUMBER(VALUE(prodcom_data[[#This Row],[IMPQNT - EU27_2020 - 2019 - amount]])))), "secrets", "") | AD40: =_xlfn.LET(_xlpm.production_amount, VALUE(prodcom_data[[#This Row],[PRODQNT - EU27_2020 - 2022 - amount]]), IF(ISNUMBER(_xlpm.production_amount), _xlpm.production_amount, 0))+_xlfn.LET(_xlpm.import_amount, VALUE(prodcom_data[[#This Row],[IMPQNT - EU27_2020 - 2022 - amount]]), IF(ISNUMBER(_xlpm.import_amount), _xlpm.import_amount, 0)) -> 1301258544 | AE40: =IF(NOT(AND(ISNUMBER(VALUE(prodcom_data[[#This Row],[PRODQNT - EU27_2020 - 2022 - amount]])), ISNUMBER(VALUE(prodcom_data[[#This Row],[IMPQNT - EU27_2020 - 2022 - amount]])))), "secrets", "") | AF40: =_xlfn.LET(_xlpm.production_amount, VALUE(prodcom_data[[#This Row],[PRODQNT - FR - 2019 - amount]]), IF(ISNUMBER(_xlpm.production_amount), _xlpm.production_amount, 0))+_xlfn.LET(_xlpm.import_amount, VALUE(prodcom_data[[#This Row],[IMPQNT - FR - 2019 - amount]]), IF(ISNUMBER(_xlpm.import_amount), _xlpm.import_amount, 0)) -> 84852752 | AG40: =IF(NOT(AND(ISNUMBER(VALUE(prodcom_data[[#This Row],[PRODQNT - FR - 2019 - amount]])), ISNUMBER(VALUE(prodcom_data[[#This Row],[IMPQNT - FR - 2019 - amount]])))), "secrets", "") | AH40: =_xlfn.LET(_xlpm.production_amount, VALUE(prodcom_data[[#This Row],[PRODQNT - FR - 2022 - amount]]), IF(ISNUMBER(_xlpm.production_amount), _xlpm.production_amount, 0))+_xlfn.LET(_xlpm.import_amount, VALUE(prodcom_data[[#This Row],[IMPQNT - FR - 2022 - amount]]), IF(ISNUMBER(_xlpm.import_amount), _xlpm.import_amount, 0)) -> 75696535 | AI40: =IF(NOT(AND(ISNUMBER(VALUE(prodcom_data[[#This Row],[PRODQNT - FR - 2022 - amount]])), ISNUMBER(VALUE(prodcom_data[[#This Row],[IMPQNT - FR - 2022 - amount]])))), "secrets", "") -> secrets | AJ40: =_xlfn.LET(_xlpm.production_amount, IF(ISNUMBER(VALUE(prodcom_data[[#This Row],[PRODQNT - EU27_2020 - 2022 - amount]])),VALUE(prodcom_data[[#This Row],[PRODQNT - EU27_2020 - 2022 - amount]]), 0), _xlpm.import_amount, IF(ISNUMBER(VALUE(prodcom_data[[#This Row],[IMPQNT - EU27_2020 - 2022 - amount]])), VALUE(prodcom_data[[#This Row],[IMPQNT - EU27_2020 - 2022 - amount]]), 0), _xlpm.production_amount/(_xlpm.production_amount+_xlpm.import_amount)) -> 0.41122959 | AK40: Too broad
A41: A | B41: 20147500 | C41: Denatured ethyl alcohol and other denatured spirits; of any strength | D41: 903535008.7900001 | E41: KG | F41: 66324090.550000004 | G41: KG | H41: 181986810.29000002 | I41: KG | J41: 805800000.0 | K41: KG | L41: 44483919.61 | M41: KG | N41: 439734127.62 | O41: KG | P41: 122624839.64 | Q41: KG | R41: 95002244.74000001 | S41: KG | T41: 8712330.14 | U41: KG | V41: : | W41: L | X41: 61023911.82 | Y41: KG | Z41: 16436384.5 | AA41: KG | AB41: =_xlfn.LET(_xlpm.production_amount, VALUE(prodcom_data[[#This Row],[PRODQNT - EU27_2020 - 2019 - amount]]), IF(ISNUMBER(_xlpm.production_amount), _xlpm.production_amount, 0))+_xlfn.LET(_xlpm.import_amount, VALUE(prodcom_data[[#This Row],[IMPQNT - EU27_2020 - 2019 - amount]]), IF(ISNUMBER(_xlpm.import_amount), _xlpm.import_amount, 0)) -> 1.0855218e+09 | AC41: =IF(NOT(AND(ISNUMBER(VALUE(prodcom_data[[#This Row],[PRODQNT - EU27_2020 - 2019 - amount]])), ISNUMBER(VALUE(prodcom_data[[#This Row],[IMPQNT - EU27_2020 - 2019 - amount]])))), "secrets", "") | AD41: =_xlfn.LET(_xlpm.production_amount, VALUE(prodcom_data[[#This Row],[PRODQNT - EU27_2020 - 2022 - amount]]), IF(ISNUMBER(_xlpm.production_amount), _xlpm.production_amount, 0))+_xlfn.LET(_xlpm.import_amount, VALUE(prodcom_data[[#This Row],[IMPQNT - EU27_2020 - 2022 - amount]]), IF(ISNUMBER(_xlpm.import_amount), _xlpm.import_amount, 0)) -> 1.2455341e+09 | AE41: =IF(NOT(AND(ISNUMBER(VALUE(prodcom_data[[#This Row],[PRODQNT - EU27_2020 - 2022 - amount]])), ISNUMBER(VALUE(prodcom_data[[#This Row],[IMPQNT - EU27_2020 - 2022 - amount]])))), "secrets", "") | AF41: =_xlfn.LET(_xlpm.production_amount, VALUE(prodcom_data[[#This Row],[PRODQNT - FR - 2019 - amount]]), IF(ISNUMBER(_xlpm.production_amount), _xlpm.production_amount, 0))+_xlfn.LET(_xlpm.import_amount, VALUE(prodcom_data[[#This Row],[IMPQNT - FR - 2019 - amount]]), IF(ISNUMBER(_xlpm.import_amount), _xlpm.import_amount, 0)) -> 1.3133717e+08 | AG41: =IF(NOT(AND(ISNUMBER(VALUE(prodcom_data[[#This Row],[PRODQNT - FR - 2019 - amount]])), ISNUMBER(VALUE(prodcom_data[[#This Row],[IMPQNT - FR - 2019 - amount]])))), "secrets", "") | AH41: =_xlfn.LET(_xlpm.production_amount, VALUE(prodcom_data[[#This Row],[PRODQNT - FR - 2022 - amount]]), IF(ISNUMBER(_xlpm.production_amount), _xlpm.production_amount, 0))+_xlfn.LET(_xlpm.import_amount, VALUE(prodcom_data[[#This Row],[IMPQNT - FR - 2022 - amount]]), IF(ISNUMBER(_xlpm.import_amount), _xlpm.import_amount, 0)) -> 16436384 | AI41: =IF(NOT(AND(ISNUMBER(VALUE(prodcom_data[[#This Row],[PRODQNT - FR - 2022 - amount]])), ISNUMBER(VALUE(prodcom_data[[#This Row],[IMPQNT - FR - 2022 - amount]])))), "secrets", "") -> secrets | AJ41: =_xlfn.LET(_xlpm.production_amount, IF(ISNUMBER(VALUE(prodcom_data[[#This Row],[PRODQNT - EU27_2020 - 2022 - amount]])),VALUE(prodcom_data[[#This Row],[PRODQNT - EU27_2020 - 2022 - amount]]), 0), _xlpm.import_amount, IF(ISNUMBER(VALUE(prodcom_data[[#This Row],[IMPQNT - EU27_2020 - 2022 - amount]])), VALUE(prodcom_data[[#This Row],[IMPQNT - EU27_2020 - 2022 - amount]]), 0), _xlpm.production_amount/(_xlpm.production_amount+_xlpm.import_amount)) -> 0.64695136 | AK41: Bio-based
A42: A | B42: 20141190 | C42: Unsaturated acyclic hydrocarbons (excluding ethylene, propene, butene, buta-1,3-diene and isoprene) | D42: 946317441 | E42: KG | F42: 124002539 | G42: KG | H42: 349604452 | I42: KG | J42: 808857061 | K42: KG | L42: 90058043 | M42: KG | N42: 420165419 | O42: KG | P42: : | Q42: KG | R42: 23768500 | S42: KG | T42: 107374000 | U42: KG | V42: 532055 | W42: KG | X42: 1749048 | Y42: KG | Z42: 97771943 | AA42: KG | AB42: =_xlfn.LET(_xlpm.production_amount, VALUE(prodcom_data[[#This Row],[PRODQNT - EU27_2020 - 2019 - amount]]), IF(ISNUMBER(_xlpm.production_amount), _xlpm.production_amount, 0))+_xlfn.LET(_xlpm.import_amount, VALUE(prodcom_data[[#This Row],[IMPQNT - EU27_2020 - 2019 - amount]]), IF(ISNUMBER(_xlpm.import_amount), _xlpm.import_amount, 0)) -> 1295921893 | AC42: =IF(NOT(AND(ISNUMBER(VALUE(prodcom_data[[#This Row],[PRODQNT - EU27_2020 - 2019 - amount]])), ISNUMBER(VALUE(prodcom_data[[#This Row],[IMPQNT - EU27_2020 - 2019 - amount]])))), "secrets", "") | AD42: =_xlfn.LET(_xlpm.production_amount, VALUE(prodcom_data[[#This Row],[PRODQNT - EU27_2020 - 2022 - amount]]), IF(ISNUMBER(_xlpm.production_amount), _xlpm.production_amount, 0))+_xlfn.LET(_xlpm.import_amount, VALUE(prodcom_data[[#This Row],[IMPQNT - EU27_2020 - 2022 - amount]]), IF(ISNUMBER(_xlpm.import_amount), _xlpm.import_amount, 0)) -> 1229022480 | AE42: =IF(NOT(AND(ISNUMBER(VALUE(prodcom_data[[#This Row],[PRODQNT - EU27_2020 - 2022 - amount]])), ISNUMBER(VALUE(prodcom_data[[#This Row],[IMPQNT - EU27_2020 - 2022 - amount]])))), "secrets", "") | AF42: =_xlfn.LET(_xlpm.production_amount, VALUE(prodcom_data[[#This Row],[PRODQNT - FR - 2019 - amount]]), IF(ISNUMBER(_xlpm.production_amount), _xlpm.production_amount, 0))+_xlfn.LET(_xlpm.import_amount, VALUE(prodcom_data[[#This Row],[IMPQNT - FR - 2019 - amount]]), IF(ISNUMBER(_xlpm.import_amount), _xlpm.import_amount, 0)) -> 107374000 | AG42: =IF(NOT(AND(ISNUMBER(VALUE(prodcom_data[[#This Row],[PRODQNT - FR - 2019 - amount]])), ISNUMBER(VALUE(prodcom_data[[#This Row],[IMPQNT - FR - 2019 - amount]])))), "secrets", "") -> secrets | AH42: =_xlfn.LET(_xlpm.production_amount, VALUE(prodcom_data[[#This Row],[PRODQNT - FR - 2022 - amount]]), IF(ISNUMBER(_xlpm.production_amount), _xlpm.production_amount, 0))+_xlfn.LET(_xlpm.import_amount, VALUE(prodcom_data[[#This Row],[IMPQNT - FR - 2022 - amount]]), IF(ISNUMBER(_xlpm.import_amount), _xlpm.import_amount, 0)) -> 98303998 | AI42: =IF(NOT(AND(ISNUMBER(VALUE(prodcom_data[[#This Row],[PRODQNT - FR - 2022 - amount]])), ISNUMBER(VALUE(prodcom_data[[#This Row],[IMPQNT - FR - 2022 - amount]])))), "secrets", "") | AJ42: =_xlfn.LET(_xlpm.production_amount, IF(ISNUMBER(VALUE(prodcom_data[[#This Row],[PRODQNT - EU27_2020 - 2022 - amount]])),VALUE(prodcom_data[[#This Row],[PRODQNT - EU27_2020 - 2022 - amount]]), 0), _xlpm.import_amount, IF(ISNUMBER(VALUE(prodcom_data[[#This Row],[IMPQNT - EU27_2020 - 2022 - amount]])), VALUE(prodcom_data[[#This Row],[IMPQNT - EU27_2020 - 2022 - amount]]), 0), _xlpm.production_amount/(_xlpm.production_amount+_xlpm.import_amount)) -> 0.6581304 | AK42: Too broad
A43: A | B43: 20164040 | C43: Polycarbonates, in primary forms | D43: 1343848775 | E43: KG | F43: 259407520 | G43: KG | H43: 91307966 | I43: KG | J43: 1080000000 | K43: KG | L43: 219944329 | M43: KG | N43: 137425259 | O43: KG | P43: : | Q43: KG | R43: 8120800 | S43: KG | T43: 52938100 | U43: KG | V43: : | W43: KG | X43: 8148306 | Y43: KG | Z43: 47504909 | AA43: KG | AB43: =_xlfn.LET(_xlpm.production_amount, VALUE(prodcom_data[[#This Row],[PRODQNT - EU27_2020 - 2019 - amount]]), IF(ISNUMBER(_xlpm.production_amount), _xlpm.production_amount, 0))+_xlfn.LET(_xlpm.import_amount, VALUE(prodcom_data[[#This Row],[IMPQNT - EU27_2020 - 2019 - amount]]), IF(ISNUMBER(_xlpm.import_amount), _xlpm.import_amount, 0)) -> 1435156741 | AC43: =IF(NOT(AND(ISNUMBER(VALUE(prodcom_data[[#This Row],[PRODQNT - EU27_2020 - 2019 - amount]])), ISNUMBER(VALUE(prodcom_data[[#This Row],[IMPQNT - EU27_2020 - 2019 - amount]])))), "secrets", "") | AD43: =_xlfn.LET(_xlpm.production_amount, VALUE(prodcom_data[[#This Row],[PRODQNT - EU27_2020 - 2022 - amount]]), IF(ISNUMBER(_xlpm.production_amount), _xlpm.production_amount, 0))+_xlfn.LET(_xlpm.import_amount, VALUE(prodcom_data[[#This Row],[IMPQNT - EU27_2020 - 2022 - amount]]), IF(ISNUMBER(_xlpm.import_amount), _xlpm.import_amount, 0)) -> 1217425259 | AE43: =IF(NOT(AND(ISNUMBER(VALUE(prodcom_data[[#This Row],[PRODQNT - EU27_2020 - 2022 - amount]])), ISNUMBER(VALUE(prodcom_data[[#This Row],[IMPQNT - EU27_2020 - 2022 - amount]])))), "secrets", "") | AF43: =_xlfn.LET(_xlpm.production_amount, VALUE(prodcom_data[[#This Row],[PRODQNT - FR - 2019 - amount]]), IF(ISNUMBER(_xlpm.production_amount), _xlpm.production_amount, 0))+_xlfn.LET(_xlpm.import_amount, VALUE(prodcom_data[[#This Row],[IMPQNT - FR - 2019 - amount]]), IF(ISNUMBER(_xlpm.import_amount), _xlpm.import_amount, 0)) -> 52938100 | AG43: =IF(NOT(AND(ISNUMBER(VALUE(prodcom_data[[#This Row],[PRODQNT - FR - 2019 - amount]])), ISNUMBER(VALUE(prodcom_data[[#This Row],[IMPQNT - FR - 2019 - amount]])))), "secrets", "") -> secrets | AH43: =_xlfn.LET(_xlpm.production_amount, VALUE(prodcom_data[[#This Row],[PRODQNT - FR - 2022 - amount]]), IF(ISNUMBER(_xlpm.production_amount), _xlpm.production_amount, 0))+_xlfn.LET(_xlpm.import_amount, VALUE(prodcom_data[[#This Row],[IMPQNT - FR - 2022 - amount]]), IF(ISNUMBER(_xlpm.import_amount), _xlpm.import_amount, 0)) -> 47504909 | AI43: =IF(NOT(AND(ISNUMBER(VALUE(prodcom_data[[#This Row],[PRODQNT - FR - 2022 - amount]])), ISNUMBER(VALUE(prodcom_data[[#This Row],[IMPQNT - FR - 2022 - amount]])))), "secrets", "") -> secrets | AJ43: =_xlfn.LET(_xlpm.production_amount, IF(ISNUMBER(VALUE(prodcom_data[[#This Row],[PRODQNT - EU27_2020 - 2022 - amount]])),VALUE(prodcom_data[[#This Row],[PRODQNT - EU27_2020 - 2022 - amount]]), 0), _xlpm.import_amount, IF(ISNUMBER(VALUE(prodcom_data[[#This Row],[IMPQNT - EU27_2020 - 2022 - amount]])), VALUE(prodcom_data[[#This Row],[IMPQNT - EU27_2020 - 2022 - amount]]), 0), _xlpm.production_amount/(_xlpm.production_amount+_xlpm.import_amount)) -> 0.88711811 | AK43: Too broad
A44: A | B44: 20141353 | C44: 1,2-Dichloroethane (ethylene dichloride) | D44: 1000000000 | E44: KG | F44: 173165102 | G44: KG | H44: 418388518 | I44: KG | J44: 910000000 | K44: KG | L44: 179146646 | M44: KG | N44: 292939382 | O44: KG | P44: 0 | Q44: KG | R44: 9400 | S44: KG | T44: 19552300 | U44: KG | V44: 0 | W44: KG | X44: 35701 | Y44: KG | Z44: 36205723 | AA44: KG | AB44: =_xlfn.LET(_xlpm.production_amount, VALUE(prodcom_data[[#This Row],[PRODQNT - EU27_2020 - 2019 - amount]]), IF(ISNUMBER(_xlpm.production_amount), _xlpm.production_amount, 0))+_xlfn.LET(_xlpm.import_amount, VALUE(prodcom_data[[#This Row],[IMPQNT - EU27_2020 - 2019 - amount]]), IF(ISNUMBER(_xlpm.import_amount), _xlpm.import_amount, 0)) -> 1418388518 | AC44: =IF(NOT(AND(ISNUMBER(VALUE(prodcom_data[[#This Row],[PRODQNT - EU27_2020 - 2019 - amount]])), ISNUMBER(VALUE(prodcom_data[[#This Row],[IMPQNT - EU27_2020 - 2019 - amount]])))), "secrets", "") | AD44: =_xlfn.LET(_xlpm.production_amount, VALUE(prodcom_data[[#This Row],[PRODQNT - EU27_2020 - 2022 - amount]]), IF(ISNUMBER(_xlpm.production_amount), _xlpm.production_amount, 0))+_xlfn.LET(_xlpm.import_amount, VALUE(prodcom_data[[#This Row],[IMPQNT - EU27_2020 - 2022 - amount]]), IF(ISNUMBER(_xlpm.import_amount), _xlpm.import_amount, 0)) -> 1202939382 | AE44: =IF(NOT(AND(ISNUMBER(VALUE(prodcom_data[[#This Row],[PRODQNT - EU27_2020 - 2022 - amount]])), ISNUMBER(VALUE(prodcom_data[[#This Row],[IMPQNT - EU27_2020 - 2022 - amount]])))), "secrets", "") | AF44: =_xlfn.LET(_xlpm.production_amount, VALUE(prodcom_data[[#This Row],[PRODQNT - FR - 2019 - amount]]), IF(ISNUMBER(_xlpm.production_amount), _xlpm.production_amount, 0))+_xlfn.LET(_xlpm.import_amount, VALUE(prodcom_data[[#This Row],[IMPQNT - FR - 2019 - amount]]), IF(ISNUMBER(_xlpm.import_amount), _xlpm.import_amount, 0)) -> 19552300 | AG44: =IF(NOT(AND(ISNUMBER(VALUE(prodcom_data[[#This Row],[PRODQNT - FR - 2019 - amount]])), ISNUMBER(VALUE(prodcom_data[[#This Row],[IMPQNT - FR - 2019 - amount]])))), "secrets", "") | AH44: =_xlfn.LET(_xlpm.production_amount, VALUE(prodcom_data[[#This Row],[PRODQNT - FR - 2022 - amount]]), IF(ISNUMBER(_xlpm.production_amount), _xlpm.production_amount, 0))+_xlfn.LET(_xlpm.import_amount, VALUE(prodcom_data[[#This Row],[IMPQNT - FR - 2022 - amount]]), IF(ISNUMBER(_xlpm.import_amount), _xlpm.import_amount, 0)) -> 36205723 | AI44: =IF(NOT(AND(ISNUMBER(VALUE(prodcom_data[[#This Row],[PRODQNT - FR - 2022 - amount]])), ISNUMBER(VALUE(prodcom_data[[#This Row],[IMPQNT - FR - 2022 - amount]])))), "secrets", "") | AJ44: =_xlfn.LET(_xlpm.production_amount, IF(ISNUMBER(VALUE(prodcom_data[[#This Row],[PRODQNT - EU27_2020 - 2022 - amount]])),VALUE(prodcom_data[[#This Row],[PRODQNT - EU27_2020 - 2022 - amount]]), 0), _xlpm.import_amount, IF(ISNUMBER(VALUE(prodcom_data[[#This Row],[IMPQNT - EU27_2020 - 2022 - amount]])), VALUE(prodcom_data[[#This Row],[IMPQNT - EU27_2020 - 2022 - amount]]), 0), _xlpm.production_amount/(_xlpm.production_amount+_xlpm.import_amount)) -> 0.75648035
A45: A | B45: 20141245 | C45: p-Xylene | D45: 895504408 | E45: KG | F45: 369289430 | G45: KG | H45: 466476317 | I45: KG | J45: 555399993 | K45: KG | L45: 95082696 | M45: KG | N45: 636505954 | O45: KG | P45: 0 | Q45: KG | R45: 0 | S45: KG | T45: 10900 | U45: KG | V45: 0 | W45: KG | X45: 49094731 | Y45: KG | Z45: 6319207 | AA45: KG | AB45: =_xlfn.LET(_xlpm.production_amount, VALUE(prodcom_data[[#This Row],[PRODQNT - EU27_2020 - 2019 - amount]]), IF(ISNUMBER(_xlpm.production_amount), _xlpm.production_amount, 0))+_xlfn.LET(_xlpm.import_amount, VALUE(prodcom_data[[#This Row],[IMPQNT - EU27_2020 - 2019 - amount]]), IF(ISNUMBER(_xlpm.import_amount), _xlpm.import_amount, 0)) -> 1361980725 | AC45: =IF(NOT(AND(ISNUMBER(VALUE(prodcom_data[[#This Row],[PRODQNT - EU27_2020 - 2019 - amount]])), ISNUMBER(VALUE(prodcom_data[[#This Row],[IMPQNT - EU27_2020 - 2019 - amount]])))), "secrets", "") | AD45: =_xlfn.LET(_xlpm.production_amount, VALUE(prodcom_data[[#This Row],[PRODQNT - EU27_2020 - 2022 - amount]]), IF(ISNUMBER(_xlpm.production_amount), _xlpm.production_amount, 0))+_xlfn.LET(_xlpm.import_amount, VALUE(prodcom_data[[#This Row],[IMPQNT - EU27_2020 - 2022 - amount]]), IF(ISNUMBER(_xlpm.import_amount), _xlpm.import_amount, 0)) -> 1191905947 | AE45: =IF(NOT(AND(ISNUMBER(VALUE(prodcom_data[[#This Row],[PRODQNT - EU27_2020 - 2022 - amount]])), ISNUMBER(VALUE(prodcom_data[[#This Row],[IMPQNT - EU27_2020 - 2022 - amount]])))), "secrets", "") | AF45: =_xlfn.LET(_xlpm.production_amount, VALUE(prodcom_data[[#This Row],[PRODQNT - FR - 2019 - amount]]), IF(ISNUMBER(_xlpm.production_amount), _xlpm.production_amount, 0))+_xlfn.LET(_xlpm.import_amount, VALUE(prodcom_data[[#This Row],[IMPQNT - FR - 2019 - amount]]), IF(ISNUMBER(_xlpm.import_amount), _xlpm.import_amount, 0)) -> 10900 | AG45: =IF(NOT(AND(ISNUMBER(VALUE(prodcom_data[[#This Row],[PRODQNT - FR - 2019 - amount]])), ISNUMBER(VALUE(prodcom_data[[#This Row],[IMPQNT - FR - 2019 - amount]])))), "secrets", "") | AH45: =_xlfn.LET(_xlpm.production_amount, VALUE(prodcom_data[[#This Row],[PRODQNT - FR - 2022 - amount]]), IF(ISNUMBER(_xlpm.production_amount), _xlpm.production_amount, 0))+_xlfn.LET(_xlpm.import_amount, VALUE(prodcom_data[[#This Row],[IMPQNT - FR - 2022 - amount]]), IF(ISNUMBER(_xlpm.import_amount), _xlpm.import_amount, 0)) -> 6319207 | AI45: =IF(NOT(AND(ISNUMBER(VALUE(prodcom_data[[#This Row],[PRODQNT - FR - 2022 - amount]])), ISNUMBER(VALUE(prodcom_data[[#This Row],[IMPQNT - FR - 2022 - amount]])))), "secrets", "") | AJ45: =_xlfn.LET(_xlpm.production_amount, IF(ISNUMBER(VALUE(prodcom_data[[#This Row],[PRODQNT - EU27_2020 - 2022 - amount]])),VALUE(prodcom_data[[#This Row],[PRODQNT - EU27_2020 - 2022 - amount]]), 0), _xlpm.import_amount, IF(ISNUMBER(VALUE(prodcom_data[[#This Row],[IMPQNT - EU27_2020 - 2022 - amount]])), VALUE(prodcom_data[[#This Row],[IMPQNT - EU27_2020 - 2022 - amount]]), 0), _xlpm.production_amount/(_xlpm.production_amount+_xlpm.import_amount)) -> 0.46597636
A46: A | B46: 20141225 | C46: Toluene | D46: 1279401108 | E46: KG | F46: 210931571 | G46: KG | H46: 50491828 | I46: KG | J46: 1096615778 | K46: KG | L46: 243200094 | M46: KG | N46: 23765837 | O46: KG | P46: 132656282 | Q46: KG | R46: 20727600 | S46: KG | T46: 22029700 | U46: KG | V46: 87834755 | W46: KG | X46: 13289480 | Y46: KG | Z46: 24358090 | AA46: KG | AB46: =_xlfn.LET(_xlpm.production_amount, VALUE(prodcom_data[[#This Row],[PRODQNT - EU27_2020 - 2019 - amount]]), IF(ISNUMBER(_xlpm.production_amount), _xlpm.production_amount, 0))+_xlfn.LET(_xlpm.import_amount, VALUE(prodcom_data[[#This Row],[IMPQNT - EU27_2020 - 2019 - amount]]), IF(ISNUMBER(_xlpm.import_amount), _xlpm.import_amount, 0)) -> 1329892936 | AC46: =IF(NOT(AND(ISNUMBER(VALUE(prodcom_data[[#This Row],[PRODQNT - EU27_2020 - 2019 - amount]])), ISNUMBER(VALUE(prodcom_data[[#This Row],[IMPQNT - EU27_2020 - 2019 - amount]])))), "secrets", "") | AD46: =_xlfn.LET(_xlpm.production_amount, VALUE(prodcom_data[[#This Row],[PRODQNT - EU27_2020 - 2022 - amount]]), IF(ISNUMBER(_xlpm.production_amount), _xlpm.production_amount, 0))+_xlfn.LET(_xlpm.import_amount, VALUE(prodcom_data[[#This Row],[IMPQNT - EU27_2020 - 2022 - amount]]), IF(ISNUMBER(_xlpm.import_amount), _xlpm.import_amount, 0)) -> 1120381615 | AE46: =IF(NOT(AND(ISNUMBER(VALUE(prodcom_data[[#This Row],[PRODQNT - EU27_2020 - 2022 - amount]])), ISNUMBER(VALUE(prodcom_data[[#This Row],[IMPQNT - EU27_2020 - 2022 - amount]])))), "secrets", "") | AF46: =_xlfn.LET(_xlpm.production_amount, VALUE(prodcom_data[[#This Row],[PRODQNT - FR - 2019 - amount]]), IF(ISNUMBER(_xlpm.production_amount), _xlpm.production_amount, 0))+_xlfn.LET(_xlpm.import_amount, VALUE(prodcom_data[[#This Row],[IMPQNT - FR - 2019 - amount]]), IF(ISNUMBER(_xlpm.import_amount), _xlpm.import_amount, 0)) -> 154685982 | AG46: =IF(NOT(AND(ISNUMBER(VALUE(prodcom_data[[#This Row],[PRODQNT - FR - 2019 - amount]])), ISNUMBER(VALUE(prodcom_data[[#This Row],[IMPQNT - FR - 2019 - amount]])))), "secrets", "") | AH46: =_xlfn.LET(_xlpm.production_amount, VALUE(prodcom_data[[#This Row],[PRODQNT - FR - 2022 - amount]]), IF(ISNUMBER(_xlpm.production_amount), _xlpm.production_amount, 0))+_xlfn.LET(_xlpm.import_amount, VALUE(prodcom_data[[#This Row],[IMPQNT - FR - 2022 - amount]]), IF(ISNUMBER(_xlpm.import_amount), _xlpm.import_amount, 0)) -> 112192845 | AI46: =IF(NOT(AND(ISNUMBER(VALUE(prodcom_data[[#This Row],[PRODQNT - FR - 2022 - amount]])), ISNUMBER(VALUE(prodcom_data[[#This Row],[IMPQNT - FR - 2022 - amount]])))), "secrets", "") | AJ46: =_xlfn.LET(_xlpm.production_amount, IF(ISNUMBER(VALUE(prodcom_data[[#This Row],[PRODQNT - EU27_2020 - 2022 - amount]])),VALUE(prodcom_data[[#This Row],[PRODQNT - EU27_2020 - 2022 - amount]]), 0), _xlpm.import_amount, IF(ISNUMBER(VALUE(prodcom_data[[#This Row],[IMPQNT - EU27_2020 - 2022 - amount]])), VALUE(prodcom_data[[#This Row],[IMPQNT - EU27_2020 - 2022 - amount]]), 0), _xlpm.production_amount/(_xlpm.production_amount+_xlpm.import_amount)) -> 0.97878773
A47: A | B47: 20146211 | C47: Acetone | D47: 1274691518 | E47: KG | F47: 263028233 | G47: KG | H47: 117031494 | I47: KG | J47: 1012823189 | K47: KG | L47: 161027056 | M47: KG | N47: 78029618 | O47: KG | P47: : | Q47: KG | R47: 28677000 | S47: KG | T47: 47318200 | U47: KG | V47: : | W47: KG | X47: 32016599 | Y47: KG | Z47: 33809299 | AA47: KG | AB47: =_xlfn.LET(_xlpm.production_amount, VALUE(prodcom_data[[#This Row],[PRODQNT - EU27_2020 - 2019 - amount]]), IF(ISNUMBER(_xlpm.production_amount), _xlpm.production_amount, 0))+_xlfn.LET(_xlpm.import_amount, VALUE(prodcom_data[[#This Row],[IMPQNT - EU27_2020 - 2019 - amount]]), IF(ISNUMBER(_xlpm.import_amount), _xlpm.import_amount, 0)) -> 1391723012 | AC47: =IF(NOT(AND(ISNUMBER(VALUE(prodcom_data[[#This Row],[PRODQNT - EU27_2020 - 2019 - amount]])), ISNUMBER(VALUE(prodcom_data[[#This Row],[IMPQNT - EU27_2020 - 2019 - amount]])))), "secrets", "") | AD47: =_xlfn.LET(_xlpm.production_amount, VALUE(prodcom_data[[#This Row],[PRODQNT - EU27_2020 - 2022 - amount]]), IF(ISNUMBER(_xlpm.production_amount), _xlpm.production_amount, 0))+_xlfn.LET(_xlpm.import_amount, VALUE(prodcom_data[[#This Row],[IMPQNT - EU27_2020 - 2022 - amount]]), IF(ISNUMBER(_xlpm.import_amount), _xlpm.import_amount, 0)) -> 1090852807 | AE47: =IF(NOT(AND(ISNUMBER(VALUE(prodcom_data[[#This Row],[PRODQNT - EU27_2020 - 2022 - amount]])), ISNUMBER(VALUE(prodcom_data[[#This Row],[IMPQNT - EU27_2020 - 2022 - amount]])))), "secrets", "") | AF47: =_xlfn.LET(_xlpm.production_amount, VALUE(prodcom_data[[#This Row],[PRODQNT - FR - 2019 - amount]]), IF(ISNUMBER(_xlpm.production_amount), _xlpm.production_amount, 0))+_xlfn.LET(_xlpm.import_amount, VALUE(prodcom_data[[#This Row],[IMPQNT - FR - 2019 - amount]]), IF(ISNUMBER(_xlpm.import_amount), _xlpm.import_amount, 0)) -> 47318200 | AG47: =IF(NOT(AND(ISNUMBER(VALUE(prodcom_data[[#This Row],[PRODQNT - FR - 2019 - amount]])), ISNUMBER(VALUE(prodcom_data[[#This Row],[IMPQNT - FR - 2019 - amount]])))), "secrets", "") -> secrets | AH47: =_xlfn.LET(_xlpm.production_amount, VALUE(prodcom_data[[#This Row],[PRODQNT - FR - 2022 - amount]]), IF(ISNUMBER(_xlpm.production_amount), _xlpm.production_amount, 0))+_xlfn.LET(_xlpm.import_amount, VALUE(prodcom_data[[#This Row],[IMPQNT - FR - 2022 - amount]]), IF(ISNUMBER(_xlpm.import_amount), _xlpm.import_amount, 0)) -> 33809299 | AI47: =IF(NOT(AND(ISNUMBER(VALUE(prodcom_data[[#This Row],[PRODQNT - FR - 2022 - amount]])), ISNUMBER(VALUE(prodcom_data[[#This Row],[IMPQNT - FR - 2022 - amount]])))), "secrets", "") -> secrets | AJ47: =_xlfn.LET(_xlpm.production_amount, IF(ISNUMBER(VALUE(prodcom_data[[#This Row],[PRODQNT - EU27_2020 - 2022 - amount]])),VALUE(prodcom_data[[#This Row],[PRODQNT - EU27_2020 - 2022 - amount]]), 0), _xlpm.import_amount, IF(ISNUMBER(VALUE(prodcom_data[[#This Row],[IMPQNT - EU27_2020 - 2022 - amount]])), VALUE(prodcom_data[[#This Row],[IMPQNT - EU27_2020 - 2022 - amount]]), 0), _xlpm.production_amount/(_xlpm.production_amount+_xlpm.import_amount)) -> 0.92846916
A48: A | B48: 20144450 | C48: Isocyanates | D48: 1093665222 | E48: KG | F48: 369916565 | G48: KG | H48: 73260715 | I48: KG | J48: 930000000 | K48: KG | L48: 223460601 | M48: KG | N48: 119281862 | O48: KG | P48: 61015061 | Q48: KG | R48: 0 | S48: KG | T48: 37896900 | U48: KG | V48: : | W48: KG | X48: 0 | Y48: KG | Z48: 32753062 | AA48: KG | AB48: =_xlfn.LET(_xlpm.production_amount, VALUE(prodcom_data[[#This Row],[PRODQNT - EU27_2020 - 2019 - amount]]), IF(ISNUMBER(_xlpm.production_amount), _xlpm.production_amount, 0))+_xlfn.LET(_xlpm.import_amount, VALUE(prodcom_data[[#This Row],[IMPQNT - EU27_2020 - 2019 - amount]]), IF(ISNUMBER(_xlpm.import_amount), _xlpm.import_amount, 0)) -> 1166925937 | AC48: =IF(NOT(AND(ISNUMBER(VALUE(prodcom_data[[#This Row],[PRODQNT - EU27_2020 - 2019 - amount]])), ISNUMBER(VALUE(prodcom_data[[#This Row],[IMPQNT - EU27_2020 - 2019 - amount]])))), "secrets", "") | AD48: =_xlfn.LET(_xlpm.production_amount, VALUE(prodcom_data[[#This Row],[PRODQNT - EU27_2020 - 2022 - amount]]), IF(ISNUMBER(_xlpm.production_amount), _xlpm.production_amount, 0))+_xlfn.LET(_xlpm.import_amount, VALUE(prodcom_data[[#This Row],[IMPQNT - EU27_2020 - 2022 - amount]]), IF(ISNUMBER(_xlpm.import_amount), _xlpm.import_amount, 0)) -> 1049281862 | AE48: =IF(NOT(AND(ISNUMBER(VALUE(prodcom_data[[#This Row],[PRODQNT - EU27_2020 - 2022 - amount]])), ISNUMBER(VALUE(prodcom_data[[#This Row],[IMPQNT - EU27_2020 - 2022 - amount]])))), "secrets", "") | AF48: =_xlfn.LET(_xlpm.production_amount, VALUE(prodcom_data[[#This Row],[PRODQNT - FR - 2019 - amount]]), IF(ISNUMBER(_xlpm.production_amount), _xlpm.production_amount, 0))+_xlfn.LET(_xlpm.import_amount, VALUE(prodcom_data[[#This Row],[IMPQNT - FR - 2019 - amount]]), IF(ISNUMBER(_xlpm.import_amount), _xlpm.import_amount, 0)) -> 98911961 | AG48: =IF(NOT(AND(ISNUMBER(VALUE(prodcom_data[[#This Row],[PRODQNT - FR - 2019 - amount]])), ISNUMBER(VALUE(prodcom_data[[#This Row],[IMPQNT - FR - 2019 - amount]])))), "secrets", "") | AH48: =_xlfn.LET(_xlpm.production_amount, VALUE(prodcom_data[[#This Row],[PRODQNT - FR - 2022 - amount]]), IF(ISNUMBER(_xlpm.production_amount), _xlpm.production_amount, 0))+_xlfn.LET(_xlpm.import_amount, VALUE(prodcom_data[[#This Row],[IMPQNT - FR - 2022 - amount]]), IF(ISNUMBER(_xlpm.import_amount), _xlpm.import_amount, 0)) -> 32753062 | AI48: =IF(NOT(AND(ISNUMBER(VALUE(prodcom_data[[#This Row],[PRODQNT - FR - 2022 - amount]])), ISNUMBER(VALUE(prodcom_data[[#This Row],[IMPQNT - FR - 2022 - amount]])))), "secrets", "") -> secrets | AJ48: =_xlfn.LET(_xlpm.production_amount, IF(ISNUMBER(VALUE(prodcom_data[[#This Row],[PRODQNT - EU27_2020 - 2022 - amount]])),VALUE(prodcom_data[[#This Row],[PRODQNT - EU27_2020 - 2022 - amount]]), 0), _xlpm.import_amount, IF(ISNUMBER(VALUE(prodcom_data[[#This Row],[IMPQNT - EU27_2020 - 2022 - amount]])), VALUE(prodcom_data[[#This Row],[IMPQNT - EU27_2020 - 2022 - amount]]), 0), _xlpm.production_amount/(_xlpm.production_amount+_xlpm.import_amount)) -> 0.88632048
A49: A | B49: 20146111 | C49: Methanal (formaldehyde) | D49: 966504769 | E49: KG | F49: 30057396 | G49: KG | H49: 44722864 | I49: KG | J49: 910000000 | K49: KG | L49: 49663311 | M49: KG | N49: 21200527 | O49: KG | P49: : | Q49: KG | R49: 0 | S49: KG | T49: 23160700 | U49: KG | V49: : | W49: KG | X49: 782741 | Y49: KG | Z49: 21502540 | AA49: KG | AB49: =_xlfn.LET(_xlpm.production_amount, VALUE(prodcom_data[[#This Row],[PRODQNT - EU27_2020 - 2019 - amount]]), IF(ISNUMBER(_xlpm.production_amount), _xlpm.production_amount, 0))+_xlfn.LET(_xlpm.import_amount, VALUE(prodcom_data[[#This Row],[IMPQNT - EU27_2020 - 2019 - amount]]), IF(ISNUMBER(_xlpm.import_amount), _xlpm.import_amount, 0)) -> 1011227633 | AC49: =IF(NOT(AND(ISNUMBER(VALUE(prodcom_data[[#This Row],[PRODQNT - EU27_2020 - 2019 - amount]])), ISNUMBER(VALUE(prodcom_data[[#This Row],[IMPQNT - EU27_2020 - 2019 - amount]])))), "secrets", "") | AD49: =_xlfn.LET(_xlpm.production_amount, VALUE(prodcom_data[[#This Row],[PRODQNT - EU27_2020 - 2022 - amount]]), IF(ISNUMBER(_xlpm.production_amount), _xlpm.production_amount, 0))+_xlfn.LET(_xlpm.import_amount, VALUE(prodcom_data[[#This Row],[IMPQNT - EU27_2020 - 2022 - amount]]), IF(ISNUMBER(_xlpm.import_amount), _xlpm.import_amount, 0)) -> 931200527 | AE49: =IF(NOT(AND(ISNUMBER(VALUE(prodcom_data[[#This Row],[PRODQNT - EU27_2020 - 2022 - amount]])), ISNUMBER(VALUE(prodcom_data[[#This Row],[IMPQNT - EU27_2020 - 2022 - amount]])))), "secrets", "") | AF49: =_xlfn.LET(_xlpm.production_amount, VALUE(prodcom_data[[#This Row],[PRODQNT - FR - 2019 - amount]]), IF(ISNUMBER(_xlpm.production_amount), _xlpm.production_amount, 0))+_xlfn.LET(_xlpm.import_amount, VALUE(prodcom_data[[#This Row],[IMPQNT - FR - 2019 - amount]]), IF(ISNUMBER(_xlpm.import_amount), _xlpm.import_amount, 0)) -> 23160700 | AG49: =IF(NOT(AND(ISNUMBER(VALUE(prodcom_data[[#This Row],[PRODQNT - FR - 2019 - amount]])), ISNUMBER(VALUE(prodcom_data[[#This Row],[IMPQNT - FR - 2019 - amount]])))), "secrets", "") -> secrets | AH49: =_xlfn.LET(_xlpm.production_amount, VALUE(prodcom_data[[#This Row],[PRODQNT - FR - 2022 - amount]]), IF(ISNUMBER(_xlpm.production_amount), _xlpm.production_amount, 0))+_xlfn.LET(_xlpm.import_amount, VALUE(prodcom_data[[#This Row],[IMPQNT - FR - 2022 - amount]]), IF(ISNUMBER(_xlpm.import_amount), _xlpm.import_amount, 0)) -> 21502540 | AI49: =IF(NOT(AND(ISNUMBER(VALUE(prodcom_data[[#This Row],[PRODQNT - FR - 2022 - amount]])), ISNUMBER(VALUE(prodcom_data[[#This Row],[IMPQNT - FR - 2022 - amount]])))), "secrets", "") -> secrets | AJ49: =_xlfn.LET(_xlpm.production_amount, IF(ISNUMBER(VALUE(prodcom_data[[#This Row],[PRODQNT - EU27_2020 - 2022 - amount]])),VALUE(prodcom_data[[#This Row],[PRODQNT - EU27_2020 - 2022 - amount]]), 0), _xlpm.import_amount, IF(ISNUMBER(VALUE(prodcom_data[[#This Row],[IMPQNT - EU27_2020 - 2022 - amount]])), VALUE(prodcom_data[[#This Row],[IMPQNT - EU27_2020 - 2022 - amount]]), 0), _xlpm.production_amount/(_xlpm.production_amount+_xlpm.import_amount)) -> 0.97723312
A50: A | B50: 20165650 | C50: Phenolic resins, in primary forms | D50: 838266066 | E50: KG | F50: 89648518 | G50: KG | H50: 61611110 | I50: KG | J50: 871106511 | K50: KG | L50: 88912877 | M50: KG | N50: 47732080 | O50: KG | P50: 39156807 | Q50: KG | R50: 31462100 | S50: KG | T50: 36874200 | U50: KG | V50: : | W50: KG | X50: 30098154 | Y50: KG | Z50: 40596392 | AA50: KG | AB50: =_xlfn.LET(_xlpm.production_amount, VALUE(prodcom_data[[#This Row],[PRODQNT - EU27_2020 - 2019 - amount]]), IF(ISNUMBER(_xlpm.production_amount), _xlpm.production_amount, 0))+_xlfn.LET(_xlpm.import_amount, VALUE(prodcom_data[[#This Row],[IMPQNT - EU27_2020 - 2019 - amount]]), IF(ISNUMBER(_xlpm.import_amount), _xlpm.import_amount, 0)) -> 899877176 | AC50: =IF(NOT(AND(ISNUMBER(VALUE(prodcom_data[[#This Row],[PRODQNT - EU27_2020 - 2019 - amount]])), ISNUMBER(VALUE(prodcom_data[[#This Row],[IMPQNT - EU27_2020 - 2019 - amount]])))), "secrets", "") | AD50: =_xlfn.LET(_xlpm.production_amount, VALUE(prodcom_data[[#This Row],[PRODQNT - EU27_2020 - 2022 - amount]]), IF(ISNUMBER(_xlpm.production_amount), _xlpm.production_amount, 0))+_xlfn.LET(_xlpm.import_amount, VALUE(prodcom_data[[#This Row],[IMPQNT - EU27_2020 - 2022 - amount]]), IF(ISNUMBER(_xlpm.import_amount), _xlpm.import_amount, 0)) -> 918838591 | AE50: =IF(NOT(AND(ISNUMBER(VALUE(prodcom_data[[#This Row],[PRODQNT - EU27_2020 - 2022 - amount]])), ISNUMBER(VALUE(prodcom_data[[#This Row],[IMPQNT - EU27_2020 - 2022 - amount]])))), "secrets", "") | AF50: =_xlfn.LET(_xlpm.production_amount, VALUE(prodcom_data[[#This Row],[PRODQNT - FR - 2019 - amount]]), IF(ISNUMBER(_xlpm.production_amount), _xlpm.production_amount, 0))+_xlfn.LET(_xlpm.import_amount, VALUE(prodcom_data[[#This Row],[IMPQNT - FR - 2019 - amount]]), IF(ISNUMBER(_xlpm.import_amount), _xlpm.import_amount, 0)) -> 76031007 | AG50: =IF(NOT(AND(ISNUMBER(VALUE(prodcom_data[[#This Row],[PRODQNT - FR - 2019 - amount]])), ISNUMBER(VALUE(prodcom_data[[#This Row],[IMPQNT - FR - 2019 - amount]])))), "secrets", "") | AH50: =_xlfn.LET(_xlpm.production_amount, VALUE(prodcom_data[[#This Row],[PRODQNT - FR - 2022 - amount]]), IF(ISNUMBER(_xlpm.production_amount), _xlpm.production_amount, 0))+_xlfn.LET(_xlpm.import_amount, VALUE(prodcom_data[[#This Row],[IMPQNT - FR - 2022 - amount]]), IF(ISNUMBER(_xlpm.import_amount), _xlpm.import_amount, 0)) -> 40596392 | AI50: =IF(NOT(AND(ISNUMBER(VALUE(prodcom_data[[#This Row],[PRODQNT - FR - 2022 - amount]])), ISNUMBER(VALUE(prodcom_data[[#This Row],[IMPQNT - FR - 2022 - amount]])))), "secrets", "") -> secrets | AJ50: =_xlfn.LET(_xlpm.production_amount, IF(ISNUMBER(VALUE(prodcom_data[[#This Row],[PRODQNT - EU27_2020 - 2022 - amount]])),VALUE(prodcom_data[[#This Row],[PRODQNT - EU27_2020 - 2022 - amount]]), 0), _xlpm.import_amount, IF(ISNUMBER(VALUE(prodcom_data[[#This Row],[IMPQNT - EU27_2020 - 2022 - amount]])), VALUE(prodcom_data[[#This Row],[IMPQNT - EU27_2020 - 2022 - amount]]), 0), _xlpm.production_amount/(_xlpm.production_amount+_xlpm.import_amount)) -> 0.94805172 | AK50: Too broad
A51: A | B51: 20165230 | C51: Polymers of vinyl acetate, in aqueous dispersion, in primary forms | D51: 1066468144 | E51: KG | F51: 157846686 | G51: KG | H51: 17375922 | I51: KG | J51: 900000000 | K51: KG | L51: 136788813 | M51: KG | N51: 14892768 | O51: KG | P51: : | Q51: KG | R51: 3592300 | S51: KG | T51: 41270100 | U51: KG | V51: 934580 | W51: KG | X51: 3183674 | Y51: KG | Z51: 39611926 | AA51: KG | AB51: =_xlfn.LET(_xlpm.production_amount, VALUE(prodcom_data[[#This Row],[PRODQNT - EU27_2020 - 2019 - amount]]), IF(ISNUMBER(_xlpm.production_amount), _xlpm.production_amount, 0))+_xlfn.LET(_xlpm.import_amount, VALUE(prodcom_data[[#This Row],[IMPQNT - EU27_2020 - 2019 - amount]]), IF(ISNUMBER(_xlpm.import_amount), _xlpm.import_amount, 0)) -> 1083844066 | AC51: =IF(NOT(AND(ISNUMBER(VALUE(prodcom_data[[#This Row],[PRODQNT - EU27_2020 - 2019 - amount]])), ISNUMBER(VALUE(prodcom_data[[#This Row],[IMPQNT - EU27_2020 - 2019 - amount]])))), "secrets", "") | AD51: =_xlfn.LET(_xlpm.production_amount, VALUE(prodcom_data[[#This Row],[PRODQNT - EU27_2020 - 2022 - amount]]), IF(ISNUMBER(_xlpm.production_amount), _xlpm.production_amount, 0))+_xlfn.LET(_xlpm.import_amount, VALUE(prodcom_data[[#This Row],[IMPQNT - EU27_2020 - 2022 - amount]]), IF(ISNUMBER(_xlpm.import_amount), _xlpm.import_amount, 0)) -> 914892768 | AE51: =IF(NOT(AND(ISNUMBER(VALUE(prodcom_data[[#This Row],[PRODQNT - EU27_2020 - 2022 - amount]])), ISNUMBER(VALUE(prodcom_data[[#This Row],[IMPQNT - EU27_2020 - 2022 - amount]])))), "secrets", "") | AF51: =_xlfn.LET(_xlpm.production_amount, VALUE(prodcom_data[[#This Row],[PRODQNT - FR - 2019 - amount]]), IF(ISNUMBER(_xlpm.production_amount), _xlpm.production_amount, 0))+_xlfn.LET(_xlpm.import_amount, VALUE(prodcom_data[[#This Row],[IMPQNT - FR - 2019 - amount]]), IF(ISNUMBER(_xlpm.import_amount), _xlpm.import_amount, 0)) -> 41270100 | AG51: =IF(NOT(AND(ISNUMBER(VALUE(prodcom_data[[#This Row],[PRODQNT - FR - 2019 - amount]])), ISNUMBER(VALUE(prodcom_data[[#This Row],[IMPQNT - FR - 2019 - amount]])))), "secrets", "") -> secrets | AH51: =_xlfn.LET(_xlpm.production_amount, VALUE(prodcom_data[[#This Row],[PRODQNT - FR - 2022 - amount]]), IF(ISNUMBER(_xlpm.production_amount), _xlpm.production_amount, 0))+_xlfn.LET(_xlpm.import_amount, VALUE(prodcom_data[[#This Row],[IMPQNT - FR - 2022 - amount]]), IF(ISNUMBER(_xlpm.import_amount), _xlpm.import_amount, 0)) -> 40546506 | AI51: =IF(NOT(AND(ISNUMBER(VALUE(prodcom_data[[#This Row],[PRODQNT - FR - 2022 - amount]])), ISNUMBER(VALUE(prodcom_data[[#This Row],[IMPQNT - FR - 2022 - amount]])))), "secrets", "") | AJ51: =_xlfn.LET(_xlpm.production_amount, IF(ISNUMBER(VALUE(prodcom_data[[#This Row],[PRODQNT - EU27_2020 - 2022 - amount]])),VALUE(prodcom_data[[#This Row],[PRODQNT - EU27_2020 - 2022 - amount]]), 0), _xlpm.import_amount, IF(ISNUMBER(VALUE(prodcom_data[[#This Row],[IMPQNT - EU27_2020 - 2022 - amount]])), VALUE(prodcom_data[[#This Row],[IMPQNT - EU27_2020 - 2022 - amount]]), 0), _xlpm.production_amount/(_xlpm.production_amount+_xlpm.import_amount)) -> 0.98372184
A52: A | B52: 20143271 | C52: Acetic acid | D52: 175203694 | E52: KG | F52: 56799171 | G52: KG | H52: 1082471420 | I52: KG | J52: 150000000 | K52: KG | L52: 30857086 | M52: KG | N52: 738564975 | O52: KG | P52: : | Q52: KG | R52: 0 | S52: KG | T52: 31583700 | U52: KG | V52: : | W52: KG | X52: 14820479 | Y52: KG | Z52: 28225550 | AA52: KG | AB52: =_xlfn.LET(_xlpm.production_amount, VALUE(prodcom_data[[#This Row],[PRODQNT - EU27_2020 - 2019 - amount]]), IF(ISNUMBER(_xlpm.production_amount), _xlpm.production_amount, 0))+_xlfn.LET(_xlpm.import_amount, VALUE(prodcom_data[[#This Row],[IMPQNT - EU27_2020 - 2019 - amount]]), IF(ISNUMBER(_xlpm.import_amount), _xlpm.import_amount, 0)) -> 1257675114 | AC52: =IF(NOT(AND(ISNUMBER(VALUE(prodcom_data[[#This Row],[PRODQNT - EU27_2020 - 2019 - amount]])), ISNUMBER(VALUE(prodcom_data[[#This Row],[IMPQNT - EU27_2020 - 2019 - amount]])))), "secrets", "") | AD52: =_xlfn.LET(_xlpm.production_amount, VALUE(prodcom_data[[#This Row],[PRODQNT - EU27_2020 - 2022 - amount]]), IF(ISNUMBER(_xlpm.production_amount), _xlpm.production_amount, 0))+_xlfn.LET(_xlpm.import_amount, VALUE(prodcom_data[[#This Row],[IMPQNT - EU27_2020 - 2022 - amount]]), IF(ISNUMBER(_xlpm.import_amount), _xlpm.import_amount, 0)) -> 888564975 | AE52: =IF(NOT(AND(ISNUMBER(VALUE(prodcom_data[[#This Row],[PRODQNT - EU27_2020 - 2022 - amount]])), ISNUMBER(VALUE(prodcom_data[[#This Row],[IMPQNT - EU27_2020 - 2022 - amount]])))), "secrets", "") | AF52: =_xlfn.LET(_xlpm.production_amount, VALUE(prodcom_data[[#This Row],[PRODQNT - FR - 2019 - amount]]), IF(ISNUMBER(_xlpm.production_amount), _xlpm.production_amount, 0))+_xlfn.LET(_xlpm.import_amount, VALUE(prodcom_data[[#This Row],[IMPQNT - FR - 2019 - amount]]), IF(ISNUMBER(_xlpm.import_amount), _xlpm.import_amount, 0)) -> 31583700 | AG52: =IF(NOT(AND(ISNUMBER(VALUE(prodcom_data[[#This Row],[PRODQNT - FR - 2019 - amount]])), ISNUMBER(VALUE(prodcom_data[[#This Row],[IMPQNT - FR - 2019 - amount]])))), "secrets", "") -> secrets | AH52: =_xlfn.LET(_xlpm.production_amount, VALUE(prodcom_data[[#This Row],[PRODQNT - FR - 2022 - amount]]), IF(ISNUMBER(_xlpm.production_amount), _xlpm.production_amount, 0))+_xlfn.LET(_xlpm.import_amount, VALUE(prodcom_data[[#This Row],[IMPQNT - FR - 2022 - amount]]), IF(ISNUMBER(_xlpm.import_amount), _xlpm.import_amount, 0)) -> 28225550 | AI52: =IF(NOT(AND(ISNUMBER(VALUE(prodcom_data[[#This Row],[PRODQNT - FR - 2022 - amount]])), ISNUMBER(VALUE(prodcom_data[[#This Row],[IMPQNT - FR - 2022 - amount]])))), "secrets", "") -> secrets | AJ52: =_xlfn.LET(_xlpm.production_amount, IF(ISNUMBER(VALUE(prodcom_data[[#This Row],[PRODQNT - EU27_2020 - 2022 - amount]])),VALUE(prodcom_data[[#This Row],[PRODQNT - EU27_2020 - 2022 - amount]]), 0), _xlpm.import_amount, IF(ISNUMBER(VALUE(prodcom_data[[#This Row],[IMPQNT - EU27_2020 - 2022 - amount]])), VALUE(prodcom_data[[#This Row],[IMPQNT - EU27_2020 - 2022 - amount]]), 0), _xlpm.production_amount/(_xlpm.production_amount+_xlpm.import_amount)) -> 0.16881152
A53: A | B53: 20146373 | C53: Oxirane (ethylene oxide) | D53: 940841433 | E53: KG | F53: 26543405 | G53: KG | H53: 17281252 | I53: KG | J53: 882308077 | K53: KG | L53: 24660975 | M53: KG | N53: 4451301 | O53: KG | P53: : | Q53: KG | R53: 0 | S53: KG | T53: 26359700 | U53: KG | V53: : | W53: KG | X53: 0 | Y53: KG | Z53: 22713553 | AA53: KG | AB53: =_xlfn.LET(_xlpm.production_amount, VALUE(prodcom_data[[#This Row],[PRODQNT - EU27_2020 - 2019 - amount]]), IF(ISNUMBER(_xlpm.production_amount), _xlpm.production_amount, 0))+_xlfn.LET(_xlpm.import_amount, VALUE(prodcom_data[[#This Row],[IMPQNT - EU27_2020 - 2019 - amount]]), IF(ISNUMBER(_xlpm.import_amount), _xlpm.import_amount, 0)) -> 958122685 | AC53: =IF(NOT(AND(ISNUMBER(VALUE(prodcom_data[[#This Row],[PRODQNT - EU27_2020 - 2019 - amount]])), ISNUMBER(VALUE(prodcom_data[[#This Row],[IMPQNT - EU27_2020 - 2019 - amount]])))), "secrets", "") | AD53: =_xlfn.LET(_xlpm.production_amount, VALUE(prodcom_data[[#This Row],[PRODQNT - EU27_2020 - 2022 - amount]]), IF(ISNUMBER(_xlpm.production_amount), _xlpm.production_amount, 0))+_xlfn.LET(_xlpm.import_amount, VALUE(prodcom_data[[#This Row],[IMPQNT - EU27_2020 - 2022 - amount]]), IF(ISNUMBER(_xlpm.import_amount), _xlpm.import_amount, 0)) -> 886759378 | AE53: =IF(NOT(AND(ISNUMBER(VALUE(prodcom_data[[#This Row],[PRODQNT - EU27_2020 - 2022 - amount]])), ISNUMBER(VALUE(prodcom_data[[#This Row],[IMPQNT - EU27_2020 - 2022 - amount]])))), "secrets", "") | AF53: =_xlfn.LET(_xlpm.production_amount, VALUE(prodcom_data[[#This Row],[PRODQNT - FR - 2019 - amount]]), IF(ISNUMBER(_xlpm.production_amount), _xlpm.production_amount, 0))+_xlfn.LET(_xlpm.import_amount, VALUE(prodcom_data[[#This Row],[IMPQNT - FR - 2019 - amount]]), IF(ISNUMBER(_xlpm.import_amount), _xlpm.import_amount, 0)) -> 26359700 | AG53: =IF(NOT(AND(ISNUMBER(VALUE(prodcom_data[[#This Row],[PRODQNT - FR - 2019 - amount]])), ISNUMBER(VALUE(prodcom_data[[#This Row],[IMPQNT - FR - 2019 - amount]])))), "secrets", "") -> secrets | AH53: =_xlfn.LET(_xlpm.production_amount, VALUE(prodcom_data[[#This Row],[PRODQNT - FR - 2022 - amount]]), IF(ISNUMBER(_xlpm.production_amount), _xlpm.production_amount, 0))+_xlfn.LET(_xlpm.import_amount, VALUE(prodcom_data[[#This Row],[IMPQNT - FR - 2022 - amount]]), IF(ISNUMBER(_xlpm.import_amount), _xlpm.import_amount, 0)) -> 22713553 | AI53: =IF(NOT(AND(ISNUMBER(VALUE(prodcom_data[[#This Row],[PRODQNT - FR - 2022 - amount]])), ISNUMBER(VALUE(prodcom_data[[#This Row],[IMPQNT - FR - 2022 - amount]])))), "secrets", "") -> secrets | AJ53: =_xlfn.LET(_xlpm.production_amount, IF(ISNUMBER(VALUE(prodcom_data[[#This Row],[PRODQNT - EU27_2020 - 2022 - amount]])),VALUE(prodcom_data[[#This Row],[PRODQNT - EU27_2020 - 2022 - amount]]), 0), _xlpm.import_amount, IF(ISNUMBER(VALUE(prodcom_data[[#This Row],[IMPQNT - EU27_2020 - 2022 - amount]])), VALUE(prodcom_data[[#This Row],[IMPQNT - EU27_2020 - 2022 - amount]]), 0), _xlpm.production_amount/(_xlpm.production_amount+_xlpm.import_amount)) -> 0.99498026
A54: A | B54: 20147200 | C54: Wood charcoal whether or not agglomerated (including shell or nut charcoal) | D54: 240000000 | E54: KG | F54: 55481003 | G54: KG | H54: 689935809 | I54: KG | J54: 300000000 | K54: KG | L54: 61104102 | M54: KG | N54: 582571210 | O54: KG | P54: 26521366 | Q54: KG | R54: 7450000 | S54: KG | T54: 90038200 | U54: KG | V54: 26887868 | W54: KG | X54: 11842394 | Y54: KG | Z54: 80599333 | AA54: KG | AB54: =_xlfn.LET(_xlpm.production_amount, VALUE(prodcom_data[[#This Row],[PRODQNT - EU27_2020 - 2019 - amount]]), IF(ISNUMBER(_xlpm.production_amount), _xlpm.production_amount, 0))+_xlfn.LET(_xlpm.import_amount, VALUE(prodcom_data[[#This Row],[IMPQNT - EU27_2020 - 2019 - amount]]), IF(ISNUMBER(_xlpm.import_amount), _xlpm.import_amount, 0)) -> 929935809 | AC54: =IF(NOT(AND(ISNUMBER(VALUE(prodcom_data[[#This Row],[PRODQNT - EU27_2020 - 2019 - amount]])), ISNUMBER(VALUE(prodcom_data[[#This Row],[IMPQNT - EU27_2020 - 2019 - amount]])))), "secrets", "") | AD54: =_xlfn.LET(_xlpm.production_amount, VALUE(prodcom_data[[#This Row],[PRODQNT - EU27_2020 - 2022 - amount]]), IF(ISNUMBER(_xlpm.production_amount), _xlpm.production_amount, 0))+_xlfn.LET(_xlpm.import_amount, VALUE(prodcom_data[[#This Row],[IMPQNT - EU27_2020 - 2022 - amount]]), IF(ISNUMBER(_xlpm.import_amount), _xlpm.import_amount, 0)) -> 882571210 | AE54: =IF(NOT(AND(ISNUMBER(VALUE(prodcom_data[[#This Row],[PRODQNT - EU27_2020 - 2022 - amount]])), ISNUMBER(VALUE(prodcom_data[[#This Row],[IMPQNT - EU27_2020 - 2022 - amount]])))), "secrets", "") | AF54: =_xlfn.LET(_xlpm.production_amount, VALUE(prodcom_data[[#This Row],[PRODQNT - FR - 2019 - amount]]), IF(ISNUMBER(_xlpm.production_amount), _xlpm.production_amount, 0))+_xlfn.LET(_xlpm.import_amount, VALUE(prodcom_data[[#This Row],[IMPQNT - FR - 2019 - amount]]), IF(ISNUMBER(_xlpm.import_amount), _xlpm.import_amount, 0)) -> 116559566 | AG54: =IF(NOT(AND(ISNUMBER(VALUE(prodcom_data[[#This Row],[PRODQNT - FR - 2019 - amount]])), ISNUMBER(VALUE(prodcom_data[[#This Row],[IMPQNT - FR - 2019 - amount]])))), "secrets", "") | AH54: =_xlfn.LET(_xlpm.production_amount, VALUE(prodcom_data[[#This Row],[PRODQNT - FR - 2022 - amount]]), IF(ISNUMBER(_xlpm.production_amount), _xlpm.production_amount, 0))+_xlfn.LET(_xlpm.import_amount, VALUE(prodcom_data[[#This Row],[IMPQNT - FR - 2022 - amount]]), IF(ISNUMBER(_xlpm.import_amount), _xlpm.import_amount, 0)) -> 107487201 | AI54: =IF(NOT(AND(ISNUMBER(VALUE(prodcom_data[[#This Row],[PRODQNT - FR - 2022 - amount]])), ISNUMBER(VALUE(prodcom_data[[#This Row],[IMPQNT - FR - 2022 - amount]])))), "secrets", "") | AJ54: =_xlfn.LET(_xlpm.production_amount, IF(ISNUMBER(VALUE(prodcom_data[[#This Row],[PRODQNT - EU27_2020 - 2022 - amount]])),VALUE(prodcom_data[[#This Row],[PRODQNT - EU27_2020 - 2022 - amount]]), 0), _xlpm.import_amount, IF(ISNUMBER(VALUE(prodcom_data[[#This Row],[IMPQNT - EU27_2020 - 2022 - amount]])), VALUE(prodcom_data[[#This Row],[IMPQNT - EU27_2020 - 2022 - amount]]), 0), _xlpm.production_amount/(_xlpm.production_amount+_xlpm.import_amount)) -> 0.33991591 | AK54: Bio-based
A55: A | B55: 20141371 | C55: Vinyl chloride (chloroethylene) | D55: 822829309 | E55: KG | F55: 17677019 | G55: KG | H55: 91575627 | I55: KG | J55: 800000000 | K55: KG | L55: 67849999 | M55: KG | N55: 82272543 | O55: KG | P55: : | Q55: KG | R55: 0 | S55: KG | T55: 317967700 | U55: KG | V55: : | W55: KG | X55: 131205247 | Y55: KG | Z55: 324636814 | AA55: KG | AB55: =_xlfn.LET(_xlpm.production_amount, VALUE(prodcom_data[[#This Row],[PRODQNT - EU27_2020 - 2019 - amount]]), IF(ISNUMBER(_xlpm.production_amount), _xlpm.production_amount, 0))+_xlfn.LET(_xlpm.import_amount, VALUE(prodcom_data[[#This Row],[IMPQNT - EU27_2020 - 2019 - amount]]), IF(ISNUMBER(_xlpm.import_amount), _xlpm.import_amount, 0)) -> 914404936 | AC55: =IF(NOT(AND(ISNUMBER(VALUE(prodcom_data[[#This Row],[PRODQNT - EU27_2020 - 2019 - amount]])), ISNUMBER(VALUE(prodcom_data[[#This Row],[IMPQNT - EU27_2020 - 2019 - amount]])))), "secrets", "") | AD55: =_xlfn.LET(_xlpm.production_amount, VALUE(prodcom_data[[#This Row],[PRODQNT - EU27_2020 - 2022 - amount]]), IF(ISNUMBER(_xlpm.production_amount), _xlpm.production_amount, 0))+_xlfn.LET(_xlpm.import_amount, VALUE(prodcom_data[[#This Row],[IMPQNT - EU27_2020 - 2022 - amount]]), IF(ISNUMBER(_xlpm.import_amount), _xlpm.import_amount, 0)) -> 882272543 | AE55: =IF(NOT(AND(ISNUMBER(VALUE(prodcom_data[[#This Row],[PRODQNT - EU27_2020 - 2022 - amount]])), ISNUMBER(VALUE(prodcom_data[[#This Row],[IMPQNT - EU27_2020 - 2022 - amount]])))), "secrets", "") | AF55: =_xlfn.LET(_xlpm.production_amount, VALUE(prodcom_data[[#This Row],[PRODQNT - FR - 2019 - amount]]), IF(ISNUMBER(_xlpm.production_amount), _xlpm.production_amount, 0))+_xlfn.LET(_xlpm.import_amount, VALUE(prodcom_data[[#This Row],[IMPQNT - FR - 2019 - amount]]), IF(ISNUMBER(_xlpm.import_amount), _xlpm.import_amount, 0)) -> 317967700 | AG55: =IF(NOT(AND(ISNUMBER(VALUE(prodcom_data[[#This Row],[PRODQNT - FR - 2019 - amount]])), ISNUMBER(VALUE(prodcom_data[[#This Row],[IMPQNT - FR - 2019 - amount]])))), "secrets", "") -> secrets | AH55: =_xlfn.LET(_xlpm.production_amount, VALUE(prodcom_data[[#This Row],[PRODQNT - FR - 2022 - amount]]), IF(ISNUMBER(_xlpm.production_amount), _xlpm.production_amount, 0))+_xlfn.LET(_xlpm.import_amount, VALUE(prodcom_data[[#This Row],[IMPQNT - FR - 2022 - amount]]), IF(ISNUMBER(_xlpm.import_amount), _xlpm.import_amount, 0)) -> 324636814 | AI55: =IF(NOT(AND(ISNUMBER(VALUE(prodcom_data[[#This Row],[PRODQNT - FR - 2022 - amount]])), ISNUMBER(VALUE(prodcom_data[[#This Row],[IMPQNT - FR - 2022 - amount]])))), "secrets", "") -> secrets | AJ55: =_xlfn.LET(_xlpm.production_amount, IF(ISNUMBER(VALUE(prodcom_data[[#This Row],[PRODQNT - EU27_2020 - 2022 - amount]])),VALUE(prodcom_data[[#This Row],[PRODQNT - EU27_2020 - 2022 - amount]]), 0), _xlpm.import_amount, IF(ISNUMBER(VALUE(prodcom_data[[#This Row],[IMPQNT - EU27_2020 - 2022 - amount]])), VALUE(prodcom_data[[#This Row],[IMPQNT - EU27_2020 - 2022 - amount]]), 0), _xlpm.production_amount/(_xlpm.production_amount+_xlpm.import_amount)) -> 0.90674929
A56: A | B56: 20144151 | C56: Aniline and its salts (excluding derivatives) | D56: 541632905 | E56: KG | F56: 47725553 | G56: KG | H56: 393559274 | I56: KG | J56: 484667201 | K56: KG | L56: 43389782 | M56: KG | N56: 397216957 | O56: KG | P56: 0 | Q56: KG | R56: 0 | S56: KG | T56: 2589600 | U56: KG | V56: 0 | W56: KG | X56: 909 | Y56: KG | Z56: 2100585 | AA56: KG | AB56: =_xlfn.LET(_xlpm.production_amount, VALUE(prodcom_data[[#This Row],[PRODQNT - EU27_2020 - 2019 - amount]]), IF(ISNUMBER(_xlpm.production_amount), _xlpm.production_amount, 0))+_xlfn.LET(_xlpm.import_amount, VALUE(prodcom_data[[#This Row],[IMPQNT - EU27_2020 - 2019 - amount]]), IF(ISNUMBER(_xlpm.import_amount), _xlpm.import_amount, 0)) -> 935192179 | AC56: =IF(NOT(AND(ISNUMBER(VALUE(prodcom_data[[#This Row],[PRODQNT - EU27_2020 - 2019 - amount]])), ISNUMBER(VALUE(prodcom_data[[#This Row],[IMPQNT - EU27_2020 - 2019 - amount]])))), "secrets", "") | AD56: =_xlfn.LET(_xlpm.production_amount, VALUE(prodcom_data[[#This Row],[PRODQNT - EU27_2020 - 2022 - amount]]), IF(ISNUMBER(_xlpm.production_amount), _xlpm.production_amount, 0))+_xlfn.LET(_xlpm.import_amount, VALUE(prodcom_data[[#This Row],[IMPQNT - EU27_2020 - 2022 - amount]]), IF(ISNUMBER(_xlpm.import_amount), _xlpm.import_amount, 0)) -> 881884158 | AE56: =IF(NOT(AND(ISNUMBER(VALUE(prodcom_data[[#This Row],[PRODQNT - EU27_2020 - 2022 - amount]])), ISNUMBER(VALUE(prodcom_data[[#This Row],[IMPQNT - EU27_2020 - 2022 - amount]])))), "secrets", "") | AF56: =_xlfn.LET(_xlpm.production_amount, VALUE(prodcom_data[[#This Row],[PRODQNT - FR - 2019 - amount]]), IF(ISNUMBER(_xlpm.production_amount), _xlpm.production_amount, 0))+_xlfn.LET(_xlpm.import_amount, VALUE(prodcom_data[[#This Row],[IMPQNT - FR - 2019 - amount]]), IF(ISNUMBER(_xlpm.import_amount), _xlpm.import_amount, 0)) -> 2589600 | AG56: =IF(NOT(AND(ISNUMBER(VALUE(prodcom_data[[#This Row],[PRODQNT - FR - 2019 - amount]])), ISNUMBER(VALUE(prodcom_data[[#This Row],[IMPQNT - FR - 2019 - amount]])))), "secrets", "") | AH56: =_xlfn.LET(_xlpm.production_amount, VALUE(prodcom_data[[#This Row],[PRODQNT - FR - 2022 - amount]]), IF(ISNUMBER(_xlpm.production_amount), _xlpm.production_amount, 0))+_xlfn.LET(_xlpm.import_amount, VALUE(prodcom_data[[#This Row],[IMPQNT - FR - 2022 - amount]]), IF(ISNUMBER(_xlpm.import_amount), _xlpm.import_amount, 0)) -> 2100585 | AI56: =IF(NOT(AND(ISNUMBER(VALUE(prodcom_data[[#This Row],[PRODQNT - FR - 2022 - amount]])), ISNUMBER(VALUE(prodcom_data[[#This Row],[IMPQNT - FR - 2022 - amount]])))), "secrets", "") | AJ56: =_xlfn.LET(_xlpm.production_amount, IF(ISNUMBER(VALUE(prodcom_data[[#This Row],[PRODQNT - EU27_2020 - 2022 - amount]])),VALUE(prodcom_data[[#This Row],[PRODQNT - EU27_2020 - 2022 - amount]]), 0), _xlpm.import_amount, IF(ISNUMBER(VALUE(prodcom_data[[#This Row],[IMPQNT - EU27_2020 - 2022 - amount]])), VALUE(prodcom_data[[#This Row],[IMPQNT - EU27_2020 - 2022 - amount]]), 0), _xlpm.production_amount/(_xlpm.production_amount+_xlpm.import_amount)) -> 0.54958148
A57: A | B57: 20164064 | C57: Other polyethylene terephthalate in primary forms | D57: 398927284 | E57: KG | F57: 103354450 | G57: KG | H57: 306319822 | I57: KG | J57: 440000000 | K57: KG | L57: 111124598 | M57: KG | N57: 432335906 | O57: KG | P57: 0 | Q57: KG | R57: 29025900 | S57: KG | T57: 26523500 | U57: KG | V57: : | W57: KG | X57: 48180458 | Y57: KG | Z57: 57927589 | AA57: KG | AB57: =_xlfn.LET(_xlpm.production_amount, VALUE(prodcom_data[[#This Row],[PRODQNT - EU27_2020 - 2019 - amount]]), IF(ISNUMBER(_xlpm.production_amount), _xlpm.production_amount, 0))+_xlfn.LET(_xlpm.import_amount, VALUE(prodcom_data[[#This Row],[IMPQNT - EU27_2020 - 2019 - amount]]), IF(ISNUMBER(_xlpm.import_amount), _xlpm.import_amount, 0)) -> 705247106 | AC57: =IF(NOT(AND(ISNUMBER(VALUE(prodcom_data[[#This Row],[PRODQNT - EU27_2020 - 2019 - amount]])), ISNUMBER(VALUE(prodcom_data[[#This Row],[IMPQNT - EU27_2020 - 2019 - amount]])))), "secrets", "") | AD57: =_xlfn.LET(_xlpm.production_amount, VALUE(prodcom_data[[#This Row],[PRODQNT - EU27_2020 - 2022 - amount]]), IF(ISNUMBER(_xlpm.production_amount), _xlpm.production_amount, 0))+_xlfn.LET(_xlpm.import_amount, VALUE(prodcom_data[[#This Row],[IMPQNT - EU27_2020 - 2022 - amount]]), IF(ISNUMBER(_xlpm.import_amount), _xlpm.import_amount, 0)) -> 872335906 | AE57: =IF(NOT(AND(ISNUMBER(VALUE(prodcom_data[[#This Row],[PRODQNT - EU27_2020 - 2022 - amount]])), ISNUMBER(VALUE(prodcom_data[[#This Row],[IMPQNT - EU27_2020 - 2022 - amount]])))), "secrets", "") | AF57: =_xlfn.LET(_xlpm.production_amount, VALUE(prodcom_data[[#This Row],[PRODQNT - FR - 2019 - amount]]), IF(ISNUMBER(_xlpm.production_amount), _xlpm.production_amount, 0))+_xlfn.LET(_xlpm.import_amount, VALUE(prodcom_data[[#This Row],[IMPQNT - FR - 2019 - amount]]), IF(ISNUMBER(_xlpm.import_amount), _xlpm.import_amount, 0)) -> 26523500 | AG57: =IF(NOT(AND(ISNUMBER(VALUE(prodcom_data[[#This Row],[PRODQNT - FR - 2019 - amount]])), ISNUMBER(VALUE(prodcom_data[[#This Row],[IMPQNT - FR - 2019 - amount]])))), "secrets", "") | AH57: =_xlfn.LET(_xlpm.production_amount, VALUE(prodcom_data[[#This Row],[PRODQNT - FR - 2022 - amount]]), IF(ISNUMBER(_xlpm.production_amount), _xlpm.production_amount, 0))+_xlfn.LET(_xlpm.import_amount, VALUE(prodcom_data[[#This Row],[IMPQNT - FR - 2022 - amount]]), IF(ISNUMBER(_xlpm.import_amount), _xlpm.import_amount, 0)) -> 57927589 | AI57: =IF(NOT(AND(ISNUMBER(VALUE(prodcom_data[[#This Row],[PRODQNT - FR - 2022 - amount]])), ISNUMBER(VALUE(prodcom_data[[#This Row],[IMPQNT - FR - 2022 - amount]])))), "secrets", "") -> secrets | AJ57: =_xlfn.LET(_xlpm.production_amount, IF(ISNUMBER(VALUE(prodcom_data[[#This Row],[PRODQNT - EU27_2020 - 2022 - amount]])),VALUE(prodcom_data[[#This Row],[PRODQNT - EU27_2020 - 2022 - amount]]), 0), _xlpm.import_amount, IF(ISNUMBER(VALUE(prodcom_data[[#This Row],[IMPQNT - EU27_2020 - 2022 - amount]])), VALUE(prodcom_data[[#This Row],[IMPQNT - EU27_2020 - 2022 - amount]]), 0), _xlpm.production_amount/(_xlpm.production_amount+_xlpm.import_amount)) -> 0.50439286
A58: A | B58: 20165700 | C58: Silicones, in primary forms | D58: 632119307 | E58: KG | F58: 86044505 | G58: KG | H58: 206811692 | I58: KG | J58: 642709316 | K58: KG | L58: 97899262 | M58: KG | N58: 214199166 | O58: KG | P58: N/A | Q58: N/A | R58: 0 | S58: KG | T58: 44655800 | U58: KG | V58: N/A | W58: N/A | X58: 67992037 | Y58: KG | Z58: 51333301 | AA58: KG | AB58: =_xlfn.LET(_xlpm.production_amount, VALUE(prodcom_data[[#This Row],[PRODQNT - EU27_2020 - 2019 - amount]]), IF(ISNUMBER(_xlpm.production_amount), _xlpm.production_amount, 0))+_xlfn.LET(_xlpm.import_amount, VALUE(prodcom_data[[#This Row],[IMPQNT - EU27_2020 - 2019 - amount]]), IF(ISNUMBER(_xlpm.import_amount), _xlpm.import_amount, 0)) -> 838930999 | AC58: =IF(NOT(AND(ISNUMBER(VALUE(prodcom_data[[#This Row],[PRODQNT - EU27_2020 - 2019 - amount]])), ISNUMBER(VALUE(prodcom_data[[#This Row],[IMPQNT - EU27_2020 - 2019 - amount]])))), "secrets", "") | AD58: =_xlfn.LET(_xlpm.production_amount, VALUE(prodcom_data[[#This Row],[PRODQNT - EU27_2020 - 2022 - amount]]), IF(ISNUMBER(_xlpm.production_amount), _xlpm.production_amount, 0))+_xlfn.LET(_xlpm.import_amount, VALUE(prodcom_data[[#This Row],[IMPQNT - EU27_2020 - 2022 - amount]]), IF(ISNUMBER(_xlpm.import_amount), _xlpm.import_amount, 0)) -> 856908482 | AE58: =IF(NOT(AND(ISNUMBER(VALUE(prodcom_data[[#This Row],[PRODQNT - EU27_2020 - 2022 - amount]])), ISNUMBER(VALUE(prodcom_data[[#This Row],[IMPQNT - EU27_2020 - 2022 - amount]])))), "secrets", "") | AF58: =_xlfn.LET(_xlpm.production_amount, VALUE(prodcom_data[[#This Row],[PRODQNT - FR - 2019 - amount]]), IF(ISNUMBER(_xlpm.production_amount), _xlpm.production_amount, 0))+_xlfn.LET(_xlpm.import_amount, VALUE(prodcom_data[[#This Row],[IMPQNT - FR - 2019 - amount]]), IF(ISNUMBER(_xlpm.import_amount), _xlpm.import_amount, 0)) -> 44655800 | AG58: =IF(NOT(AND(ISNUMBER(VALUE(prodcom_data[[#This Row],[PRODQNT - FR - 2019 - amount]])), ISNUMBER(VALUE(prodcom_data[[#This Row],[IMPQNT - FR - 2019 - amount]])))), "secrets", "") -> secrets | AH58: =_xlfn.LET(_xlpm.production_amount, VALUE(prodcom_data[[#This Row],[PRODQNT - FR - 2022 - amount]]), IF(ISNUMBER(_xlpm.production_amount), _xlpm.production_amount, 0))+_xlfn.LET(_xlpm.import_amount, VALUE(prodcom_data[[#This Row],[IMPQNT - FR - 2022 - amount]]), IF(ISNUMBER(_xlpm.import_amount), _xlpm.import_amount, 0)) -> 51333301 | AI58: =IF(NOT(AND(ISNUMBER(VALUE(prodcom_data[[#This Row],[PRODQNT - FR - 2022 - amount]])), ISNUMBER(VALUE(prodcom_data[[#This Row],[IMPQNT - FR - 2022 - amount]])))), "secrets", "") -> secrets | AJ58: =_xlfn.LET(_xlpm.production_amount, IF(ISNUMBER(VALUE(prodcom_data[[#This Row],[PRODQNT - EU27_2020 - 2022 - amount]])),VALUE(prodcom_data[[#This Row],[PRODQNT - EU27_2020 - 2022 - amount]]), 0), _xlpm.import_amount, IF(ISNUMBER(VALUE(prodcom_data[[#This Row],[IMPQNT - EU27_2020 - 2022 - amount]])), VALUE(prodcom_data[[#This Row],[IMPQNT - EU27_2020 - 2022 - amount]]), 0), _xlpm.production_amount/(_xlpm.production_amount+_xlpm.import_amount)) -> 0.75003262 | AK58: Inorganic
A59: A | B59: 20142320 | C59: Propylene glycol (propane-1,2-diol) | D59: 669561750 | E59: KG | F59: 100280812 | G59: KG | H59: 49344702 | I59: KG | J59: 800000000 | K59: KG | L59: 84547052 | M59: KG | N59: 48026699 | O59: KG | P59: N/A | Q59: N/A | R59: 42017000 | S59: KG | T59: 96355300 | U59: KG | V59: N/A | W59: N/A | X59: 54876987 | Y59: KG | Z59: 71053198 | AA59: KG | AB59: =_xlfn.LET(_xlpm.production_amount, VALUE(prodcom_data[[#This Row],[PRODQNT - EU27_2020 - 2019 - amount]]), IF(ISNUMBER(_xlpm.production_amount), _xlpm.production_amount, 0))+_xlfn.LET(_xlpm.import_amount, VALUE(prodcom_data[[#This Row],[IMPQNT - EU27_2020 - 2019 - amount]]), IF(ISNUMBER(_xlpm.import_amount), _xlpm.import_amount, 0)) -> 718906452 | AC59: =IF(NOT(AND(ISNUMBER(VALUE(prodcom_data[[#This Row],[PRODQNT - EU27_2020 - 2019 - amount]])), ISNUMBER(VALUE(prodcom_data[[#This Row],[IMPQNT - EU27_2020 - 2019 - amount]])))), "secrets", "") | AD59: =_xlfn.LET(_xlpm.production_amount, VALUE(prodcom_data[[#This Row],[PRODQNT - EU27_2020 - 2022 - amount]]), IF(ISNUMBER(_xlpm.production_amount), _xlpm.production_amount, 0))+_xlfn.LET(_xlpm.import_amount, VALUE(prodcom_data[[#This Row],[IMPQNT - EU27_2020 - 2022 - amount]]), IF(ISNUMBER(_xlpm.import_amount), _xlpm.import_amount, 0)) -> 848026699 | AE59: =IF(NOT(AND(ISNUMBER(VALUE(prodcom_data[[#This Row],[PRODQNT - EU27_2020 - 2022 - amount]])), ISNUMBER(VALUE(prodcom_data[[#This Row],[IMPQNT - EU27_2020 - 2022 - amount]])))), "secrets", "") | AF59: =_xlfn.LET(_xlpm.production_amount, VALUE(prodcom_data[[#This Row],[PRODQNT - FR - 2019 - amount]]), IF(ISNUMBER(_xlpm.production_amount), _xlpm.production_amount, 0))+_xlfn.LET(_xlpm.import_amount, VALUE(prodcom_data[[#This Row],[IMPQNT - FR - 2019 - amount]]), IF(ISNUMBER(_xlpm.import_amount), _xlpm.import_amount, 0)) -> 96355300 | AG59: =IF(NOT(AND(ISNUMBER(VALUE(prodcom_data[[#This Row],[PRODQNT - FR - 2019 - amount]])), ISNUMBER(VALUE(prodcom_data[[#This Row],[IMPQNT - FR - 2019 - amount]])))), "secrets", "") -> secrets | AH59: =_xlfn.LET(_xlpm.production_amount, VALUE(prodcom_data[[#This Row],[PRODQNT - FR - 2022 - amount]]), IF(ISNUMBER(_xlpm.production_amount), _xlpm.production_amount, 0))+_xlfn.LET(_xlpm.import_amount, VALUE(prodcom_data[[#This Row],[IMPQNT - FR - 2022 - amount]]), IF(ISNUMBER(_xlpm.import_amount), _xlpm.import_amount, 0)) -> 71053198 | AI59: =IF(NOT(AND(ISNUMBER(VALUE(prodcom_data[[#This Row],[PRODQNT - FR - 2022 - amount]])), ISNUMBER(VALUE(prodcom_data[[#This Row],[IMPQNT - FR - 2022 - amount]])))), "secrets", "") -> secrets | AJ59: =_xlfn.LET(_xlpm.production_amount, IF(ISNUMBER(VALUE(prodcom_data[[#This Row],[PRODQNT - EU27_2020 - 2022 - amount]])),VALUE(prodcom_data[[#This Row],[PRODQNT - EU27_2020 - 2022 - amount]]), 0), _xlpm.import_amount, IF(ISNUMBER(VALUE(prodcom_data[[#This Row],[IMPQNT - EU27_2020 - 2022 - amount]])), VALUE(prodcom_data[[#This Row],[IMPQNT - EU27_2020 - 2022 - amount]]), 0), _xlpm.production_amount/(_xlpm.production_amount+_xlpm.import_amount)) -> 0.94336652
A60: A | B60: 20162070 | C60: Acrylonitrile-butadiene-styrene (ABS) copolymers, in primary forms | D60: 697933888 | E60: KG | F60: 217370525 | G60: KG | H60: 237981477 | I60: KG | J60: 605343037 | K60: KG | L60: 222751539 | M60: KG | N60: 240874146 | O60: KG | P60: 1069684 | Q60: KG | R60: 4096000 | S60: KG | T60: 35421900 | U60: KG | V60: : | W60: KG | X60: 29882957 | Y60: KG | Z60: 37955760 | AA60: KG | AB60: =_xlfn.LET(_xlpm.production_amount, VALUE(prodcom_data[[#This Row],[PRODQNT - EU27_2020 - 2019 - amount]]), IF(ISNUMBER(_xlpm.production_amount), _xlpm.production_amount, 0))+_xlfn.LET(_xlpm.import_amount, VALUE(prodcom_data[[#This Row],[IMPQNT - EU27_2020 - 2019 - amount]]), IF(ISNUMBER(_xlpm.import_amount), _xlpm.import_amount, 0)) -> 935915365 | AC60: =IF(NOT(AND(ISNUMBER(VALUE(prodcom_data[[#This Row],[PRODQNT - EU27_2020 - 2019 - amount]])), ISNUMBER(VALUE(prodcom_data[[#This Row],[IMPQNT - EU27_2020 - 2019 - amount]])))), "secrets", "") | AD60: =_xlfn.LET(_xlpm.production_amount, VALUE(prodcom_data[[#This Row],[PRODQNT - EU27_2020 - 2022 - amount]]), IF(ISNUMBER(_xlpm.production_amount), _xlpm.production_amount, 0))+_xlfn.LET(_xlpm.import_amount, VALUE(prodcom_data[[#This Row],[IMPQNT - EU27_2020 - 2022 - amount]]), IF(ISNUMBER(_xlpm.import_amount), _xlpm.import_amount, 0)) -> 846217183 | AE60: =IF(NOT(AND(ISNUMBER(VALUE(prodcom_data[[#This Row],[PRODQNT - EU27_2020 - 2022 - amount]])), ISNUMBER(VALUE(prodcom_data[[#This Row],[IMPQNT - EU27_2020 - 2022 - amount]])))), "secrets", "") | AF60: =_xlfn.LET(_xlpm.production_amount, VALUE(prodcom_data[[#This Row],[PRODQNT - FR - 2019 - amount]]), IF(ISNUMBER(_xlpm.production_amount), _xlpm.production_amount, 0))+_xlfn.LET(_xlpm.import_amount, VALUE(prodcom_data[[#This Row],[IMPQNT - FR - 2019 - amount]]), IF(ISNUMBER(_xlpm.import_amount), _xlpm.import_amount, 0)) -> 36491584 | AG60: =IF(NOT(AND(ISNUMBER(VALUE(prodcom_data[[#This Row],[PRODQNT - FR - 2019 - amount]])), ISNUMBER(VALUE(prodcom_data[[#This Row],[IMPQNT - FR - 2019 - amount]])))), "secrets", "") | AH60: =_xlfn.LET(_xlpm.production_amount, VALUE(prodcom_data[[#This Row],[PRODQNT - FR - 2022 - amount]]), IF(ISNUMBER(_xlpm.production_amount), _xlpm.production_amount, 0))+_xlfn.LET(_xlpm.import_amount, VALUE(prodcom_data[[#This Row],[IMPQNT - FR - 2022 - amount]]), IF(ISNUMBER(_xlpm.import_amount), _xlpm.import_amount, 0)) -> 37955760 | AI60: =IF(NOT(AND(ISNUMBER(VALUE(prodcom_data[[#This Row],[PRODQNT - FR - 2022 - amount]])), ISNUMBER(VALUE(prodcom_data[[#This Row],[IMPQNT - FR - 2022 - amount]])))), "secrets", "") -> secrets | AJ60: =_xlfn.LET(_xlpm.production_amount, IF(ISNUMBER(VALUE(prodcom_data[[#This Row],[PRODQNT - EU27_2020 - 2022 - amount]])),VALUE(prodcom_data[[#This Row],[PRODQNT - EU27_2020 - 2022 - amount]]), 0), _xlpm.import_amount, IF(ISNUMBER(VALUE(prodcom_data[[#This Row],[IMPQNT - EU27_2020 - 2022 - amount]])), VALUE(prodcom_data[[#This Row],[IMPQNT - EU27_2020 - 2022 - amount]]), 0), _xlpm.production_amount/(_xlpm.production_amount+_xlpm.import_amount)) -> 0.71535186
A61: A | B61: 20143473 | C61: Citric acid and its salts and esters | D61: 422900973 | E61: KG | F61: 69781204 | G61: KG | H61: 278729397 | I61: KG | J61: 500000000 | K61: KG | L61: 59140849 | M61: KG | N61: 337179497 | O61: KG | P61: 340611 | Q61: KG | R61: 4548500 | S61: KG | T61: 57879500 | U61: KG | V61: 719571 | W61: KG | X61: 3435431 | Y61: KG | Z61: 58270296 | AA61: KG | AB61: =_xlfn.LET(_xlpm.production_amount, VALUE(prodcom_data[[#This Row],[PRODQNT - EU27_2020 - 2019 - amount]]), IF(ISNUMBER(_xlpm.production_amount), _xlpm.production_amount, 0))+_xlfn.LET(_xlpm.import_amount, VALUE(prodcom_data[[#This Row],[IMPQNT - EU27_2020 - 2019 - amount]]), IF(ISNUMBER(_xlpm.import_amount), _xlpm.import_amount, 0)) -> 701630370 | AC61: =IF(NOT(AND(ISNUMBER(VALUE(prodcom_data[[#This Row],[PRODQNT - EU27_2020 - 2019 - amount]])), ISNUMBER(VALUE(prodcom_data[[#This Row],[IMPQNT - EU27_2020 - 2019 - amount]])))), "secrets", "") | AD61: =_xlfn.LET(_xlpm.production_amount, VALUE(prodcom_data[[#This Row],[PRODQNT - EU27_2020 - 2022 - amount]]), IF(ISNUMBER(_xlpm.production_amount), _xlpm.production_amount, 0))+_xlfn.LET(_xlpm.import_amount, VALUE(prodcom_data[[#This Row],[IMPQNT - EU27_2020 - 2022 - amount]]), IF(ISNUMBER(_xlpm.import_amount), _xlpm.import_amount, 0)) -> 837179497 | AE61: =IF(NOT(AND(ISNUMBER(VALUE(prodcom_data[[#This Row],[PRODQNT - EU27_2020 - 2022 - amount]])), ISNUMBER(VALUE(prodcom_data[[#This Row],[IMPQNT - EU27_2020 - 2022 - amount]])))), "secrets", "") | AF61: =_xlfn.LET(_xlpm.production_amount, VALUE(prodcom_data[[#This Row],[PRODQNT - FR - 2019 - amount]]), IF(ISNUMBER(_xlpm.production_amount), _xlpm.production_amount, 0))+_xlfn.LET(_xlpm.import_amount, VALUE(prodcom_data[[#This Row],[IMPQNT - FR - 2019 - amount]]), IF(ISNUMBER(_xlpm.import_amount), _xlpm.import_amount, 0)) -> 58220111 | AG61: =IF(NOT(AND(ISNUMBER(VALUE(prodcom_data[[#This Row],[PRODQNT - FR - 2019 - amount]])), ISNUMBER(VALUE(prodcom_data[[#This Row],[IMPQNT - FR - 2019 - amount]])))), "secrets", "") | AH61: =_xlfn.LET(_xlpm.production_amount, VALUE(prodcom_data[[#This Row],[PRODQNT - FR - 2022 - amount]]), IF(ISNUMBER(_xlpm.production_amount), _xlpm.production_amount, 0))+_xlfn.LET(_xlpm.import_amount, VALUE(prodcom_data[[#This Row],[IMPQNT - FR - 2022 - amount]]), IF(ISNUMBER(_xlpm.import_amount), _xlpm.import_amount, 0)) -> 58989867 | AI61: =IF(NOT(AND(ISNUMBER(VALUE(prodcom_data[[#This Row],[PRODQNT - FR - 2022 - amount]])), ISNUMBER(VALUE(prodcom_data[[#This Row],[IMPQNT - FR - 2022 - amount]])))), "secrets", "") | AJ61: =_xlfn.LET(_xlpm.production_amount, IF(ISNUMBER(VALUE(prodcom_data[[#This Row],[PRODQNT - EU27_2020 - 2022 - amount]])),VALUE(prodcom_data[[#This Row],[PRODQNT - EU27_2020 - 2022 - amount]]), 0), _xlpm.import_amount, IF(ISNUMBER(VALUE(prodcom_data[[#This Row],[IMPQNT - EU27_2020 - 2022 - amount]])), VALUE(prodcom_data[[#This Row],[IMPQNT - EU27_2020 - 2022 - amount]]), 0), _xlpm.production_amount/(_xlpm.production_amount+_xlpm.import_amount)) -> 0.59724348 | AK61: Bio-based
A62: A | B62: 20165570 | C62: Melamine resins, in primary forms | D62: 910605119 | E62: KG | F62: 38980950 | G62: KG | H62: 46539686 | I62: KG | J62: 750000000 | K62: KG | L62: 35905246 | M62: KG | N62: 81668427 | O62: KG | P62: : | Q62: KG | R62: 597700 | S62: KG | T62: 60792500 | U62: KG | V62: : | W62: KG | X62: 693893 | Y62: KG | Z62: 53246550 | AA62: KG | AB62: =_xlfn.LET(_xlpm.production_amount, VALUE(prodcom_data[[#This Row],[PRODQNT - EU27_2020 - 2019 - amount]]), IF(ISNUMBER(_xlpm.production_amount), _xlpm.production_amount, 0))+_xlfn.LET(_xlpm.import_amount, VALUE(prodcom_data[[#This Row],[IMPQNT - EU27_2020 - 2019 - amount]]), IF(ISNUMBER(_xlpm.import_amount), _xlpm.import_amount, 0)) -> 957144805 | AC62: =IF(NOT(AND(ISNUMBER(VALUE(prodcom_data[[#This Row],[PRODQNT - EU27_2020 - 2019 - amount]])), ISNUMBER(VALUE(prodcom_data[[#This Row],[IMPQNT - EU27_2020 - 2019 - amount]])))), "secrets", "") | AD62: =_xlfn.LET(_xlpm.production_amount, VALUE(prodcom_data[[#This Row],[PRODQNT - EU27_2020 - 2022 - amount]]), IF(ISNUMBER(_xlpm.production_amount), _xlpm.production_amount, 0))+_xlfn.LET(_xlpm.import_amount, VALUE(prodcom_data[[#This Row],[IMPQNT - EU27_2020 - 2022 - amount]]), IF(ISNUMBER(_xlpm.import_amount), _xlpm.import_amount, 0)) -> 831668427 | AE62: =IF(NOT(AND(ISNUMBER(VALUE(prodcom_data[[#This Row],[PRODQNT - EU27_2020 - 2022 - amount]])), ISNUMBER(VALUE(prodcom_data[[#This Row],[IMPQNT - EU27_2020 - 2022 - amount]])))), "secrets", "") | AF62: =_xlfn.LET(_xlpm.production_amount, VALUE(prodcom_data[[#This Row],[PRODQNT - FR - 2019 - amount]]), IF(ISNUMBER(_xlpm.production_amount), _xlpm.production_amount, 0))+_xlfn.LET(_xlpm.import_amount, VALUE(prodcom_data[[#This Row],[IMPQNT - FR - 2019 - amount]]), IF(ISNUMBER(_xlpm.import_amount), _xlpm.import_amount, 0)) -> 60792500 | AG62: =IF(NOT(AND(ISNUMBER(VALUE(prodcom_data[[#This Row],[PRODQNT - FR - 2019 - amount]])), ISNUMBER(VALUE(prodcom_data[[#This Row],[IMPQNT - FR - 2019 - amount]])))), "secrets", "") -> secrets | AH62: =_xlfn.LET(_xlpm.production_amount, VALUE(prodcom_data[[#This Row],[PRODQNT - FR - 2022 - amount]]), IF(ISNUMBER(_xlpm.production_amount), _xlpm.production_amount, 0))+_xlfn.LET(_xlpm.import_amount, VALUE(prodcom_data[[#This Row],[IMPQNT - FR - 2022 - amount]]), IF(ISNUMBER(_xlpm.import_amount), _xlpm.import_amount, 0)) -> 53246550 | AI62: =IF(NOT(AND(ISNUMBER(VALUE(prodcom_data[[#This Row],[PRODQNT - FR - 2022 - amount]])), ISNUMBER(VALUE(prodcom_data[[#This Row],[IMPQNT - FR - 2022 - amount]])))), "secrets", "") -> secrets | AJ62: =_xlfn.LET(_xlpm.production_amount, IF(ISNUMBER(VALUE(prodcom_data[[#This Row],[PRODQNT - EU27_2020 - 2022 - amount]])),VALUE(prodcom_data[[#This Row],[PRODQNT - EU27_2020 - 2022 - amount]]), 0), _xlpm.import_amount, IF(ISNUMBER(VALUE(prodcom_data[[#This Row],[IMPQNT - EU27_2020 - 2022 - amount]])), VALUE(prodcom_data[[#This Row],[IMPQNT - EU27_2020 - 2022 - amount]]), 0), _xlpm.production_amount/(_xlpm.production_amount+_xlpm.import_amount)) -> 0.9018017 | AK62: Inorganic
A63: A | B63: 20141247 | C63: m-Xylene and mixed xylene isomers | D63: 932028815 | E63: KG | F63: 3284692 | G63: KG | H63: 37675130 | I63: KG | J63: 800000000 | K63: KG | L63: 1808665 | M63: KG | N63: 21433537 | O63: KG | P63: : | Q63: KG | R63: 719900 | S63: KG | T63: 3666900 | U63: KG | V63: : | W63: KG | X63: 848820 | Y63: KG | Z63: 1816486 | AA63: KG | AB63: =_xlfn.LET(_xlpm.production_amount, VALUE(prodcom_data[[#This Row],[PRODQNT - EU27_2020 - 2019 - amount]]), IF(ISNUMBER(_xlpm.production_amount), _xlpm.production_amount, 0))+_xlfn.LET(_xlpm.import_amount, VALUE(prodcom_data[[#This Row],[IMPQNT - EU27_2020 - 2019 - amount]]), IF(ISNUMBER(_xlpm.import_amount), _xlpm.import_amount, 0)) -> 969703945 | AC63: =IF(NOT(AND(ISNUMBER(VALUE(prodcom_data[[#This Row],[PRODQNT - EU27_2020 - 2019 - amount]])), ISNUMBER(VALUE(prodcom_data[[#This Row],[IMPQNT - EU27_2020 - 2019 - amount]])))), "secrets", "") | AD63: =_xlfn.LET(_xlpm.production_amount, VALUE(prodcom_data[[#This Row],[PRODQNT - EU27_2020 - 2022 - amount]]), IF(ISNUMBER(_xlpm.production_amount), _xlpm.production_amount, 0))+_xlfn.LET(_xlpm.import_amount, VALUE(prodcom_data[[#This Row],[IMPQNT - EU27_2020 - 2022 - amount]]), IF(ISNUMBER(_xlpm.import_amount), _xlpm.import_amount, 0)) -> 821433537 | AE63: =IF(NOT(AND(ISNUMBER(VALUE(prodcom_data[[#This Row],[PRODQNT - EU27_2020 - 2022 - amount]])), ISNUMBER(VALUE(prodcom_data[[#This Row],[IMPQNT - EU27_2020 - 2022 - amount]])))), "secrets", "") | AF63: =_xlfn.LET(_xlpm.production_amount, VALUE(prodcom_data[[#This Row],[PRODQNT - FR - 2019 - amount]]), IF(ISNUMBER(_xlpm.production_amount), _xlpm.production_amount, 0))+_xlfn.LET(_xlpm.import_amount, VALUE(prodcom_data[[#This Row],[IMPQNT - FR - 2019 - amount]]), IF(ISNUMBER(_xlpm.import_amount), _xlpm.import_amount, 0)) -> 3666900 | AG63: =IF(NOT(AND(ISNUMBER(VALUE(prodcom_data[[#This Row],[PRODQNT - FR - 2019 - amount]])), ISNUMBER(VALUE(prodcom_data[[#This Row],[IMPQNT - FR - 2019 - amount]])))), "secrets", "") -> secrets | AH63: =_xlfn.LET(_xlpm.production_amount, VALUE(prodcom_data[[#This Row],[PRODQNT - FR - 2022 - amount]]), IF(ISNUMBER(_xlpm.production_amount), _xlpm.production_amount, 0))+_xlfn.LET(_xlpm.import_amount, VALUE(prodcom_data[[#This Row],[IMPQNT - FR - 2022 - amount]]), IF(ISNUMBER(_xlpm.import_amount), _xlpm.import_amount, 0)) -> 1816486 | AI63: =IF(NOT(AND(ISNUMBER(VALUE(prodcom_data[[#This Row],[PRODQNT - FR - 2022 - amount]])), ISNUMBER(VALUE(prodcom_data[[#This Row],[IMPQNT - FR - 2022 - amount]])))), "secrets", "") -> secrets | AJ63: =_xlfn.LET(_xlpm.production_amount, IF(ISNUMBER(VALUE(prodcom_data[[#This Row],[PRODQNT - EU27_2020 - 2022 - amount]])),VALUE(prodcom_data[[#This Row],[PRODQNT - EU27_2020 - 2022 - amount]]), 0), _xlpm.import_amount, IF(ISNUMBER(VALUE(prodcom_data[[#This Row],[IMPQNT - EU27_2020 - 2022 - amount]])), VALUE(prodcom_data[[#This Row],[IMPQNT - EU27_2020 - 2022 - amount]]), 0), _xlpm.production_amount/(_xlpm.production_amount+_xlpm.import_amount)) -> 0.97390716
A64: A | B64: 20162090 | C64: Polymers of styrene, in primary forms (excluding polystyrene, styrene-acrylonitrile (SAN) copolymers, acrylonitrile-butadiene-styrene (ABS) copolymers) | D64: 750000000 | E64: KG | F64: 315217813 | G64: KG | H64: 103541438 | I64: KG | J64: 734825779 | K64: KG | L64: 278296014 | M64: KG | N64: 80671549 | O64: KG | P64: : | Q64: KG | R64: 100008200 | S64: KG | T64: 70868900 | U64: KG | V64: : | W64: KG | X64: 57115058 | Y64: KG | Z64: 73400705 | AA64: KG | AB64: =_xlfn.LET(_xlpm.production_amount, VALUE(prodcom_data[[#This Row],[PRODQNT - EU27_2020 - 2019 - amount]]), IF(ISNUMBER(_xlpm.production_amount), _xlpm.production_amount, 0))+_xlfn.LET(_xlpm.import_amount, VALUE(prodcom_data[[#This Row],[IMPQNT - EU27_2020 - 2019 - amount]]), IF(ISNUMBER(_xlpm.import_amount), _xlpm.import_amount, 0)) -> 853541438 | AC64: =IF(NOT(AND(ISNUMBER(VALUE(prodcom_data[[#This Row],[PRODQNT - EU27_2020 - 2019 - amount]])), ISNUMBER(VALUE(prodcom_data[[#This Row],[IMPQNT - EU27_2020 - 2019 - amount]])))), "secrets", "") | AD64: =_xlfn.LET(_xlpm.production_amount, VALUE(prodcom_data[[#This Row],[PRODQNT - EU27_2020 - 2022 - amount]]), IF(ISNUMBER(_xlpm.production_amount), _xlpm.production_amount, 0))+_xlfn.LET(_xlpm.import_amount, VALUE(prodcom_data[[#This Row],[IMPQNT - EU27_2020 - 2022 - amount]]), IF(ISNUMBER(_xlpm.import_amount), _xlpm.import_amount, 0)) -> 815497328 | AE64: =IF(NOT(AND(ISNUMBER(VALUE(prodcom_data[[#This Row],[PRODQNT - EU27_2020 - 2022 - amount]])), ISNUMBER(VALUE(prodcom_data[[#This Row],[IMPQNT - EU27_2020 - 2022 - amount]])))), "secrets", "") | AF64: =_xlfn.LET(_xlpm.production_amount, VALUE(prodcom_data[[#This Row],[PRODQNT - FR - 2019 - amount]]), IF(ISNUMBER(_xlpm.production_amount), _xlpm.production_amount, 0))+_xlfn.LET(_xlpm.import_amount, VALUE(prodcom_data[[#This Row],[IMPQNT - FR - 2019 - amount]]), IF(ISNUMBER(_xlpm.import_amount), _xlpm.import_amount, 0)) -> 70868900 | AG64: =IF(NOT(AND(ISNUMBER(VALUE(prodcom_data[[#This Row],[PRODQNT - FR - 2019 - amount]])), ISNUMBER(VALUE(prodcom_data[[#This Row],[IMPQNT - FR - 2019 - amount]])))), "secrets", "") -> secrets | AH64: =_xlfn.LET(_xlpm.production_amount, VALUE(prodcom_data[[#This Row],[PRODQNT - FR - 2022 - amount]]), IF(ISNUMBER(_xlpm.production_amount), _xlpm.production_amount, 0))+_xlfn.LET(_xlpm.import_amount, VALUE(prodcom_data[[#This Row],[IMPQNT - FR - 2022 - amount]]), IF(ISNUMBER(_xlpm.import_amount), _xlpm.import_amount, 0)) -> 73400705 | AI64: =IF(NOT(AND(ISNUMBER(VALUE(prodcom_data[[#This Row],[PRODQNT - FR - 2022 - amount]])), ISNUMBER(VALUE(prodcom_data[[#This Row],[IMPQNT - FR - 2022 - amount]])))), "secrets", "") -> secrets | AJ64: =_xlfn.LET(_xlpm.production_amount, IF(ISNUMBER(VALUE(prodcom_data[[#This Row],[PRODQNT - EU27_2020 - 2022 - amount]])),VALUE(prodcom_data[[#This Row],[PRODQNT - EU27_2020 - 2022 - amount]]), 0), _xlpm.import_amount, IF(ISNUMBER(VALUE(prodcom_data[[#This Row],[IMPQNT - EU27_2020 - 2022 - amount]])), VALUE(prodcom_data[[#This Row],[IMPQNT - EU27_2020 - 2022 - amount]]), 0), _xlpm.production_amount/(_xlpm.production_amount+_xlpm.import_amount)) -> 0.90107687 | AK64: Too broad
A65: A | B65: 20163025 | C65: Plasticised polyvinyl chloride mixed with any other substance, in primary forms | D65: 749221008 | E65: KG | F65: 147759655 | G65: KG | H65: 47445766 | I65: KG | J65: 739709991 | K65: KG | L65: 138388782 | M65: KG | N65: 51011039 | O65: KG | P65: 167737570 | Q65: KG | R65: 31691500 | S65: KG | T65: 39008800 | U65: KG | V65: : | W65: KG | X65: 27598145 | Y65: KG | Z65: 38165066 | AA65: KG | AB65: =_xlfn.LET(_xlpm.production_amount, VALUE(prodcom_data[[#This Row],[PRODQNT - EU27_2020 - 2019 - amount]]), IF(ISNUMBER(_xlpm.production_amount), _xlpm.production_amount, 0))+_xlfn.LET(_xlpm.import_amount, VALUE(prodcom_data[[#This Row],[IMPQNT - EU27_2020 - 2019 - amount]]), IF(ISNUMBER(_xlpm.import_amount), _xlpm.import_amount, 0)) -> 796666774 | AC65: =IF(NOT(AND(ISNUMBER(VALUE(prodcom_data[[#This Row],[PRODQNT - EU27_2020 - 2019 - amount]])), ISNUMBER(VALUE(prodcom_data[[#This Row],[IMPQNT - EU27_2020 - 2019 - amount]])))), "secrets", "") | AD65: =_xlfn.LET(_xlpm.production_amount, VALUE(prodcom_data[[#This Row],[PRODQNT - EU27_2020 - 2022 - amount]]), IF(ISNUMBER(_xlpm.production_amount), _xlpm.production_amount, 0))+_xlfn.LET(_xlpm.import_amount, VALUE(prodcom_data[[#This Row],[IMPQNT - EU27_2020 - 2022 - amount]]), IF(ISNUMBER(_xlpm.import_amount), _xlpm.import_amount, 0)) -> 790721030 | AE65: =IF(NOT(AND(ISNUMBER(VALUE(prodcom_data[[#This Row],[PRODQNT - EU27_2020 - 2022 - amount]])), ISNUMBER(VALUE(prodcom_data[[#This Row],[IMPQNT - EU27_2020 - 2022 - amount]])))), "secrets", "") | AF65: =_xlfn.LET(_xlpm.production_amount, VALUE(prodcom_data[[#This Row],[PRODQNT - FR - 2019 - amount]]), IF(ISNUMBER(_xlpm.production_amount), _xlpm.production_amount, 0))+_xlfn.LET(_xlpm.import_amount, VALUE(prodcom_data[[#This Row],[IMPQNT - FR - 2019 - amount]]), IF(ISNUMBER(_xlpm.import_amount), _xlpm.import_amount, 0)) -> 206746370 | AG65: =IF(NOT(AND(ISNUMBER(VALUE(prodcom_data[[#This Row],[PRODQNT - FR - 2019 - amount]])), ISNUMBER(VALUE(prodcom_data[[#This Row],[IMPQNT - FR - 2019 - amount]])))), "secrets", "") | AH65: =_xlfn.LET(_xlpm.production_amount, VALUE(prodcom_data[[#This Row],[PRODQNT - FR - 2022 - amount]]), IF(ISNUMBER(_xlpm.production_amount), _xlpm.production_amount, 0))+_xlfn.LET(_xlpm.import_amount, VALUE(prodcom_data[[#This Row],[IMPQNT - FR - 2022 - amount]]), IF(ISNUMBER(_xlpm.import_amount), _xlpm.import_amount, 0)) -> 38165066 | AI65: =IF(NOT(AND(ISNUMBER(VALUE(prodcom_data[[#This Row],[PRODQNT - FR - 2022 - amount]])), ISNUMBER(VALUE(prodcom_data[[#This Row],[IMPQNT - FR - 2022 - amount]])))), "secrets", "") -> secrets | AJ65: =_xlfn.LET(_xlpm.production_amount, IF(ISNUMBER(VALUE(prodcom_data[[#This Row],[PRODQNT - EU27_2020 - 2022 - amount]])),VALUE(prodcom_data[[#This Row],[PRODQNT - EU27_2020 - 2022 - amount]]), 0), _xlpm.import_amount, IF(ISNUMBER(VALUE(prodcom_data[[#This Row],[IMPQNT - EU27_2020 - 2022 - amount]])), VALUE(prodcom_data[[#This Row],[IMPQNT - EU27_2020 - 2022 - amount]]), 0), _xlpm.production_amount/(_xlpm.production_amount+_xlpm.import_amount)) -> 0.93548794
A66: A | B66: 20141290 | C66: Other cyclic hydrocarbons | D66: 599253882 | E66: KG | F66: 28939953 | G66: KG | H66: 25394624 | I66: KG | J66: 753000000 | K66: KG | L66: 22560543 | M66: KG | N66: 29958858 | O66: KG | P66: : | Q66: KG | R66: 0 | S66: KG | T66: 28467100 | U66: KG | V66: : | W66: KG | X66: 7180805 | Y66: KG | Z66: 29042478 | AA66: KG | AB66: =_xlfn.LET(_xlpm.production_amount, VALUE(prodcom_data[[#This Row],[PRODQNT - EU27_2020 - 2019 - amount]]), IF(ISNUMBER(_xlpm.production_amount), _xlpm.production_amount, 0))+_xlfn.LET(_xlpm.import_amount, VALUE(prodcom_data[[#This Row],[IMPQNT - EU27_2020 - 2019 - amount]]), IF(ISNUMBER(_xlpm.import_amount), _xlpm.import_amount, 0)) -> 624648506 | AC66: =IF(NOT(AND(ISNUMBER(VALUE(prodcom_data[[#This Row],[PRODQNT - EU27_2020 - 2019 - amount]])), ISNUMBER(VALUE(prodcom_data[[#This Row],[IMPQNT - EU27_2020 - 2019 - amount]])))), "secrets", "") | AD66: =_xlfn.LET(_xlpm.production_amount, VALUE(prodcom_data[[#This Row],[PRODQNT - EU27_2020 - 2022 - amount]]), IF(ISNUMBER(_xlpm.production_amount), _xlpm.production_amount, 0))+_xlfn.LET(_xlpm.import_amount, VALUE(prodcom_data[[#This Row],[IMPQNT - EU27_2020 - 2022 - amount]]), IF(ISNUMBER(_xlpm.import_amount), _xlpm.import_amount, 0)) -> 782958858 | AE66: =IF(NOT(AND(ISNUMBER(VALUE(prodcom_data[[#This Row],[PRODQNT - EU27_2020 - 2022 - amount]])), ISNUMBER(VALUE(prodcom_data[[#This Row],[IMPQNT - EU27_2020 - 2022 - amount]])))), "secrets", "") | AF66: =_xlfn.LET(_xlpm.production_amount, VALUE(prodcom_data[[#This Row],[PRODQNT - FR - 2019 - amount]]), IF(ISNUMBER(_xlpm.production_amount), _xlpm.production_amount, 0))+_xlfn.LET(_xlpm.import_amount, VALUE(prodcom_data[[#This Row],[IMPQNT - FR - 2019 - amount]]), IF(ISNUMBER(_xlpm.import_amount), _xlpm.import_amount, 0)) -> 28467100 | AG66: =IF(NOT(AND(ISNUMBER(VALUE(prodcom_data[[#This Row],[PRODQNT - FR - 2019 - amount]])), ISNUMBER(VALUE(prodcom_data[[#This Row],[IMPQNT - FR - 2019 - amount]])))), "secrets", "") -> secrets | AH66: =_xlfn.LET(_xlpm.production_amount, VALUE(prodcom_data[[#This Row],[PRODQNT - FR - 2022 - amount]]), IF(ISNUMBER(_xlpm.production_amount), _xlpm.production_amount, 0))+_xlfn.LET(_xlpm.import_amount, VALUE(prodcom_data[[#This Row],[IMPQNT - FR - 2022 - amount]]), IF(ISNUMBER(_xlpm.import_amount), _xlpm.import_amount, 0)) -> 29042478 | AI66: =IF(NOT(AND(ISNUMBER(VALUE(prodcom_data[[#This Row],[PRODQNT - FR - 2022 - amount]])), ISNUMBER(VALUE(prodcom_data[[#This Row],[IMPQNT - FR - 2022 - amount]])))), "secrets", "") -> secrets | AJ66: =_xlfn.LET(_xlpm.production_amount, IF(ISNUMBER(VALUE(prodcom_data[[#This Row],[PRODQNT - EU27_2020 - 2022 - amount]])),VALUE(prodcom_data[[#This Row],[PRODQNT - EU27_2020 - 2022 - amount]]), 0), _xlpm.import_amount, IF(ISNUMBER(VALUE(prodcom_data[[#This Row],[IMPQNT - EU27_2020 - 2022 - amount]])), VALUE(prodcom_data[[#This Row],[IMPQNT - EU27_2020 - 2022 - amount]]), 0), _xlpm.production_amount/(_xlpm.production_amount+_xlpm.import_amount)) -> 0.96173636 | AK66: Too broad
A67: A | B67: 20141270 | C67: Cumene | D67: 1117467000 | E67: KG | F67: 214701 | G67: KG | H67: 240567437 | I67: KG | J67: 727568000 | K67: KG | L67: 77525 | M67: KG | N67: 50927527 | O67: KG | P67: N/A | Q67: N/A | R67: 0 | S67: KG | T67: 10901800 | U67: KG | V67: N/A | W67: N/A | X67: 0 | Y67: KG | Z67: 2089702 | AA67: KG | AB67: =_xlfn.LET(_xlpm.production_amount, VALUE(prodcom_data[[#This Row],[PRODQNT - EU27_2020 - 2019 - amount]]), IF(ISNUMBER(_xlpm.production_amount), _xlpm.production_amount, 0))+_xlfn.LET(_xlpm.import_amount, VALUE(prodcom_data[[#This Row],[IMPQNT - EU27_2020 - 2019 - amount]]), IF(ISNUMBER(_xlpm.import_amount), _xlpm.import_amount, 0)) -> 1358034437 | AC67: =IF(NOT(AND(ISNUMBER(VALUE(prodcom_data[[#This Row],[PRODQNT - EU27_2020 - 2019 - amount]])), ISNUMBER(VALUE(prodcom_data[[#This Row],[IMPQNT - EU27_2020 - 2019 - amount]])))), "secrets", "") | AD67: =_xlfn.LET(_xlpm.production_amount, VALUE(prodcom_data[[#This Row],[PRODQNT - EU27_2020 - 2022 - amount]]), IF(ISNUMBER(_xlpm.production_amount), _xlpm.production_amount, 0))+_xlfn.LET(_xlpm.import_amount, VALUE(prodcom_data[[#This Row],[IMPQNT - EU27_2020 - 2022 - amount]]), IF(ISNUMBER(_xlpm.import_amount), _xlpm.import_amount, 0)) -> 778495527 | AE67: =IF(NOT(AND(ISNUMBER(VALUE(prodcom_data[[#This Row],[PRODQNT - EU27_2020 - 2022 - amount]])), ISNUMBER(VALUE(prodcom_data[[#This Row],[IMPQNT - EU27_2020 - 2022 - amount]])))), "secrets", "") | AF67: =_xlfn.LET(_xlpm.production_amount, VALUE(prodcom_data[[#This Row],[PRODQNT - FR - 2019 - amount]]), IF(ISNUMBER(_xlpm.production_amount), _xlpm.production_amount, 0))+_xlfn.LET(_xlpm.import_amount, VALUE(prodcom_data[[#This Row],[IMPQNT - FR - 2019 - amount]]), IF(ISNUMBER(_xlpm.import_amount), _xlpm.import_amount, 0)) -> 10901800 | AG67: =IF(NOT(AND(ISNUMBER(VALUE(prodcom_data[[#This Row],[PRODQNT - FR - 2019 - amount]])), ISNUMBER(VALUE(prodcom_data[[#This Row],[IMPQNT - FR - 2019 - amount]])))), "secrets", "") -> secrets | AH67: =_xlfn.LET(_xlpm.production_amount, VALUE(prodcom_data[[#This Row],[PRODQNT - FR - 2022 - amount]]), IF(ISNUMBER(_xlpm.production_amount), _xlpm.production_amount, 0))+_xlfn.LET(_xlpm.import_amount, VALUE(prodcom_data[[#This Row],[IMPQNT - FR - 2022 - amount]]), IF(ISNUMBER(_xlpm.import_amount), _xlpm.import_amount, 0)) -> 2089702 | AI67: =IF(NOT(AND(ISNUMBER(VALUE(prodcom_data[[#This Row],[PRODQNT - FR - 2022 - amount]])), ISNUMBER(VALUE(prodcom_data[[#This Row],[IMPQNT - FR - 2022 - amount]])))), "secrets", "") -> secrets | AJ67: =_xlfn.LET(_xlpm.production_amount, IF(ISNUMBER(VALUE(prodcom_data[[#This Row],[PRODQNT - EU27_2020 - 2022 - amount]])),VALUE(prodcom_data[[#This Row],[PRODQNT - EU27_2020 - 2022 - amount]]), 0), _xlpm.import_amount, IF(ISNUMBER(VALUE(prodcom_data[[#This Row],[IMPQNT - EU27_2020 - 2022 - amount]])), VALUE(prodcom_data[[#This Row],[IMPQNT - EU27_2020 - 2022 - amount]]), 0), _xlpm.production_amount/(_xlpm.production_amount+_xlpm.import_amount)) -> 0.93458212
